,Model,Combination,id,y_pred,y_true,y_true_label,lc_data
0,multipeak-finetune-noweights-cFrF+KNN1+two,lightcurve,0,"[0 0 0 0 1 1 0 0 1 0 0 0 0 0 0 0 0 0 0 0 0 0 0 0 0 0 1 0 1 1 0 1 1 1 1 1 1
 1 1 1 1 1 0 0 0 1 0 0 0 0 0 0 0 0 0 0 0 0 0 0 0 0 0 1 0 0 0 0 0 1 0 0 0 0
 1 1 0 1 0 1 0 1 0 0 0 0 0 0 0 0 0 0 0 1 1 0 0 0 0 0 0 0 1 0 0 0 1 0 1 1 1
 1 1 1 1 1 1 1 1 1 0 0 0 0 0 0 0 0 0 0 0 0 0 0 0 0 0 0 0 0 0 0 0 0 0 0 1 0
 0 0]","[0.032779 0.033    0.1      0.04787  0.02723  0.068    0.012    0.0336
 0.005247 0.015    0.046    0.02354  0.017445 0.02208  0.016111 0.031517
 0.031517 0.022    0.0113   0.0113   0.0113   0.0113   0.0113   0.0113
 0.0113   0.04     0.012    0.025    0.025    0.026452 0.02355  0.016
 0.021171 0.025    0.025    0.025    0.025    0.025    0.025    0.025
 0.025    0.025    0.04     0.0346   0.0328   0.0356   0.03     0.035
 0.03392  0.017646 0.012    0.025174 0.04095  0.017682 0.05     0.03
 0.016    0.032286 0.030487 0.02183  0.09     0.04     0.018    0.0359
 0.02283  0.034    0.04     0.0888   0.03561  0.03683  0.0155   0.031
 0.016198 0.026612 0.01042       nan 0.1      0.068    0.027189 0.02
 0.026728 0.0347   0.022    0.0113   0.0113   0.0113   0.0113   0.0113
 0.0113   0.0113   0.053    0.023    0.052068 0.033    0.03     0.089
 0.018446 0.025    0.05     0.017166 0.015    0.0242   0.027    0.018086
 0.0113   0.0113   0.012    0.018853 0.025    0.025    0.025    0.025
 0.025    0.025    0.025    0.025    0.025    0.025    0.025    0.025
 0.031    0.0636   0.0375   0.0375   0.08     0.012    0.012    0.02
 0.073    0.037    0.04     0.0429   0.0153   0.0153   0.0549   0.026762
 0.05     0.0544   0.018    0.006    0.0343   0.03     0.03     0.03
 0.028    0.1      0.068    0.068    0.068    0.068   ]","[0 0 0 0 0 1 0 0 0 0 0 0 0 1 0 0 0 0 1 1 1 1 1 1 1 0 0 1 1 0 0 0 0 1 1 1 1
 1 1 1 1 1 0 1 0 0 0 1 0 0 0 0 0 0 0 0 0 1 0 1 0 0 0 0 1 0 0 0 0 0 0 0 0 0
 0 1 0 1 0 0 1 1 1 1 1 1 1 1 1 1 0 0 0 0 0 0 0 0 0 0 0 0 0 0 1 1 0 0 1 1 1
 1 1 1 1 1 1 1 1 1 1 0 0 0 0 0 0 0 0 0 0 0 0 0 0 1 1 0 0 0 0 1 1 1 1 0 1 1
 1 1]","{'x_lc': array([[22.719799, 22.272388, 20.00398 , ...,  0.      ,  0.      ,
         0.      ],
       [21.907032, 20.949871, 20.896624, ...,  0.      ,  0.      ,
         0.      ],
       [19.642273, 19.131163, 18.782274, ...,  0.      ,  0.      ,
         0.      ],
       ...,
       [19.639843, 19.447065, 19.523258, ..., 21.449186, 19.054665,
        22.10392 ],
       [23.123287, 19.80615 , 20.214188, ..., 19.247465, 19.978722,
        21.598541],
       [20.68967 , 19.365538, 19.447065, ..., 19.75707 , 19.268002,
        19.37568 ]], shape=(150, 200), dtype=float32), 't_lc': array([[5.8851477e+04, 0.0000000e+00, 5.8911234e+04, ..., 0.0000000e+00,
        0.0000000e+00, 0.0000000e+00],
       [0.0000000e+00, 9.6064005e-03, 5.8827570e+04, ..., 0.0000000e+00,
        0.0000000e+00, 0.0000000e+00],
       [0.0000000e+00, 3.0404167e+00, 5.8883543e+04, ..., 0.0000000e+00,
        0.0000000e+00, 0.0000000e+00],
       ...,
       [5.8970395e+04, 0.0000000e+00, 5.8968410e+04, ..., 5.9017387e+04,
        5.8963426e+04, 5.9016223e+04],
       [5.9022234e+04, 0.0000000e+00, 5.8976332e+04, ..., 5.8968441e+04,
        5.8983445e+04, 5.9015199e+04],
       [5.8994309e+04, 0.0000000e+00, 5.8967363e+04, ..., 5.8980406e+04,
        5.8973234e+04, 5.8975312e+04]], shape=(150, 200), dtype=float32), 'mask_lc': array([[ True,  True,  True, ..., False, False, False],
       [ True,  True,  True, ..., False, False, False],
       [ True,  True,  True, ..., False, False, False],
       ...,
       [ True,  True,  True, ...,  True,  True,  True],
       [ True,  True,  True, ...,  True,  True,  True],
       [ True,  True,  True, ...,  True,  True,  True]], shape=(150, 200))}"
1,multipeak-finetune-noweights-cFrF+KNN1+two,lightcurve and spectral,0,"[0 1 0 0 1 0 0 0 0 0 1 0 0 0 0 0 1 0 1 1 1 1 1 1 1 1 1 0 1 1 0 0 1 1 1 0 1
 1 1 1 1 1 0 0 1 0 0 0 0 0 0 1 0 0 0 1 0 0 0 0 1 0 0 0 1 1 0 1 1 0 1 1 0 0
 0 0 0 0 0 0 0 1 1 1 0 1 1 1 1 1 0 1 1 1 1 1 0 1 1 1 1 1 0 0 1 0 1 0 1 1 1
 1 1 1 1 1 1 1 0 1 0 1 0 1 0 0 0 0 0 0 0 0 0 0 0 0 0 0 0 0 0 0 1 1 0 0 0 0
 0 0]","[0.032779 0.033    0.1      0.04787  0.02723  0.068    0.012    0.0336
 0.005247 0.015    0.046    0.02354  0.017445 0.02208  0.016111 0.031517
 0.031517 0.022    0.0113   0.0113   0.0113   0.0113   0.0113   0.0113
 0.0113   0.04     0.012    0.025    0.025    0.026452 0.02355  0.016
 0.021171 0.025    0.025    0.025    0.025    0.025    0.025    0.025
 0.025    0.025    0.04     0.0346   0.0328   0.0356   0.03     0.035
 0.03392  0.017646 0.012    0.025174 0.04095  0.017682 0.05     0.03
 0.016    0.032286 0.030487 0.02183  0.09     0.04     0.018    0.0359
 0.02283  0.034    0.04     0.0888   0.03561  0.03683  0.0155   0.031
 0.016198 0.026612 0.01042       nan 0.1      0.068    0.027189 0.02
 0.026728 0.0347   0.022    0.0113   0.0113   0.0113   0.0113   0.0113
 0.0113   0.0113   0.053    0.023    0.052068 0.033    0.03     0.089
 0.018446 0.025    0.05     0.017166 0.015    0.0242   0.027    0.018086
 0.0113   0.0113   0.012    0.018853 0.025    0.025    0.025    0.025
 0.025    0.025    0.025    0.025    0.025    0.025    0.025    0.025
 0.031    0.0636   0.0375   0.0375   0.08     0.012    0.012    0.02
 0.073    0.037    0.04     0.0429   0.0153   0.0153   0.0549   0.026762
 0.05     0.0544   0.018    0.006    0.0343   0.03     0.03     0.03
 0.028    0.1      0.068    0.068    0.068    0.068   ]","[0 0 0 0 0 1 0 0 0 0 0 0 0 1 0 0 0 0 1 1 1 1 1 1 1 0 0 1 1 0 0 0 0 1 1 1 1
 1 1 1 1 1 0 1 0 0 0 1 0 0 0 0 0 0 0 0 0 1 0 1 0 0 0 0 1 0 0 0 0 0 0 0 0 0
 0 1 0 1 0 0 1 1 1 1 1 1 1 1 1 1 0 0 0 0 0 0 0 0 0 0 0 0 0 0 1 1 0 0 1 1 1
 1 1 1 1 1 1 1 1 1 1 0 0 0 0 0 0 0 0 0 0 0 0 0 0 1 1 0 0 0 0 1 1 1 1 0 1 1
 1 1]","{'x_lc': array([[22.719799, 22.272388, 20.00398 , ...,  0.      ,  0.      ,
         0.      ],
       [21.907032, 20.949871, 20.896624, ...,  0.      ,  0.      ,
         0.      ],
       [19.642273, 19.131163, 18.782274, ...,  0.      ,  0.      ,
         0.      ],
       ...,
       [19.639843, 19.447065, 19.523258, ..., 21.449186, 19.054665,
        22.10392 ],
       [23.123287, 19.80615 , 20.214188, ..., 19.247465, 19.978722,
        21.598541],
       [20.68967 , 19.365538, 19.447065, ..., 19.75707 , 19.268002,
        19.37568 ]], shape=(150, 200), dtype=float32), 't_lc': array([[5.8851477e+04, 0.0000000e+00, 5.8911234e+04, ..., 0.0000000e+00,
        0.0000000e+00, 0.0000000e+00],
       [0.0000000e+00, 9.6064005e-03, 5.8827570e+04, ..., 0.0000000e+00,
        0.0000000e+00, 0.0000000e+00],
       [0.0000000e+00, 3.0404167e+00, 5.8883543e+04, ..., 0.0000000e+00,
        0.0000000e+00, 0.0000000e+00],
       ...,
       [5.8970395e+04, 0.0000000e+00, 5.8968410e+04, ..., 5.9017387e+04,
        5.8963426e+04, 5.9016223e+04],
       [5.9022234e+04, 0.0000000e+00, 5.8976332e+04, ..., 5.8968441e+04,
        5.8983445e+04, 5.9015199e+04],
       [5.8994309e+04, 0.0000000e+00, 5.8967363e+04, ..., 5.8980406e+04,
        5.8973234e+04, 5.8975312e+04]], shape=(150, 200), dtype=float32), 'mask_lc': array([[ True,  True,  True, ..., False, False, False],
       [ True,  True,  True, ..., False, False, False],
       [ True,  True,  True, ..., False, False, False],
       ...,
       [ True,  True,  True, ...,  True,  True,  True],
       [ True,  True,  True, ...,  True,  True,  True],
       [ True,  True,  True, ...,  True,  True,  True]], shape=(150, 200))}"
2,multipeak-finetune-noweights-cFrF+KNN1+two,spectral,0,"[0 1 1 0 1 1 0 0 0 0 0 0 0 1 1 0 0 1 1 0 1 1 1 1 0 0 0 0 0 0 0 0 0 1 0 0 1
 1 1 1 1 1 0 1 1 0 1 1 1 1 1 0 0 1 1 0 0 0 0 0 0 0 1 0 1 1 0 0 1 0 1 1 0 0
 0 0 0 1 0 0 0 1 1 1 0 0 1 1 0 1 0 0 0 1 1 1 1 1 0 1 0 0 0 0 0 0 0 0 0 1 1
 0 0 1 1 0 1 1 0 0 1 1 0 1 0 0 1 1 1 0 0 1 1 0 0 1 0 0 0 1 1 1 0 1 0 1 0 1
 1 0]","[0.032779 0.033    0.1      0.04787  0.02723  0.068    0.012    0.0336
 0.005247 0.015    0.046    0.02354  0.017445 0.02208  0.016111 0.031517
 0.031517 0.022    0.0113   0.0113   0.0113   0.0113   0.0113   0.0113
 0.0113   0.04     0.012    0.025    0.025    0.026452 0.02355  0.016
 0.021171 0.025    0.025    0.025    0.025    0.025    0.025    0.025
 0.025    0.025    0.04     0.0346   0.0328   0.0356   0.03     0.035
 0.03392  0.017646 0.012    0.025174 0.04095  0.017682 0.05     0.03
 0.016    0.032286 0.030487 0.02183  0.09     0.04     0.018    0.0359
 0.02283  0.034    0.04     0.0888   0.03561  0.03683  0.0155   0.031
 0.016198 0.026612 0.01042       nan 0.1      0.068    0.027189 0.02
 0.026728 0.0347   0.022    0.0113   0.0113   0.0113   0.0113   0.0113
 0.0113   0.0113   0.053    0.023    0.052068 0.033    0.03     0.089
 0.018446 0.025    0.05     0.017166 0.015    0.0242   0.027    0.018086
 0.0113   0.0113   0.012    0.018853 0.025    0.025    0.025    0.025
 0.025    0.025    0.025    0.025    0.025    0.025    0.025    0.025
 0.031    0.0636   0.0375   0.0375   0.08     0.012    0.012    0.02
 0.073    0.037    0.04     0.0429   0.0153   0.0153   0.0549   0.026762
 0.05     0.0544   0.018    0.006    0.0343   0.03     0.03     0.03
 0.028    0.1      0.068    0.068    0.068    0.068   ]","[0 0 0 0 0 1 0 0 0 0 0 0 0 1 0 0 0 0 1 1 1 1 1 1 1 0 0 1 1 0 0 0 0 1 1 1 1
 1 1 1 1 1 0 1 0 0 0 1 0 0 0 0 0 0 0 0 0 1 0 1 0 0 0 0 1 0 0 0 0 0 0 0 0 0
 0 1 0 1 0 0 1 1 1 1 1 1 1 1 1 1 0 0 0 0 0 0 0 0 0 0 0 0 0 0 1 1 0 0 1 1 1
 1 1 1 1 1 1 1 1 1 1 0 0 0 0 0 0 0 0 0 0 0 0 0 0 1 1 0 0 0 0 1 1 1 1 0 1 1
 1 1]","{'x_lc': array([[22.719799, 22.272388, 20.00398 , ...,  0.      ,  0.      ,
         0.      ],
       [21.907032, 20.949871, 20.896624, ...,  0.      ,  0.      ,
         0.      ],
       [19.642273, 19.131163, 18.782274, ...,  0.      ,  0.      ,
         0.      ],
       ...,
       [19.639843, 19.447065, 19.523258, ..., 21.449186, 19.054665,
        22.10392 ],
       [23.123287, 19.80615 , 20.214188, ..., 19.247465, 19.978722,
        21.598541],
       [20.68967 , 19.365538, 19.447065, ..., 19.75707 , 19.268002,
        19.37568 ]], shape=(150, 200), dtype=float32), 't_lc': array([[5.8851477e+04, 0.0000000e+00, 5.8911234e+04, ..., 0.0000000e+00,
        0.0000000e+00, 0.0000000e+00],
       [0.0000000e+00, 9.6064005e-03, 5.8827570e+04, ..., 0.0000000e+00,
        0.0000000e+00, 0.0000000e+00],
       [0.0000000e+00, 3.0404167e+00, 5.8883543e+04, ..., 0.0000000e+00,
        0.0000000e+00, 0.0000000e+00],
       ...,
       [5.8970395e+04, 0.0000000e+00, 5.8968410e+04, ..., 5.9017387e+04,
        5.8963426e+04, 5.9016223e+04],
       [5.9022234e+04, 0.0000000e+00, 5.8976332e+04, ..., 5.8968441e+04,
        5.8983445e+04, 5.9015199e+04],
       [5.8994309e+04, 0.0000000e+00, 5.8967363e+04, ..., 5.8980406e+04,
        5.8973234e+04, 5.8975312e+04]], shape=(150, 200), dtype=float32), 'mask_lc': array([[ True,  True,  True, ..., False, False, False],
       [ True,  True,  True, ..., False, False, False],
       [ True,  True,  True, ..., False, False, False],
       ...,
       [ True,  True,  True, ...,  True,  True,  True],
       [ True,  True,  True, ...,  True,  True,  True],
       [ True,  True,  True, ...,  True,  True,  True]], shape=(150, 200))}"
3,multipeak-finetune-noweights-cFrF+KNN3+two,lightcurve,0,"[0 0 0 0 1 0 0 1 0 0 0 0 0 0 0 0 0 0 0 0 0 0 0 0 0 0 0 0 1 1 0 0 0 1 1 1 1
 1 1 1 1 1 0 0 0 0 0 0 0 0 0 0 0 0 0 0 0 0 0 0 0 1 0 0 0 0 1 0 0 0 0 0 0 0
 0 1 0 1 0 1 0 0 1 0 0 0 0 0 0 0 0 0 1 1 1 0 0 0 0 0 0 0 0 0 0 0 0 0 1 1 1
 1 1 1 1 1 1 1 1 1 0 0 0 0 0 0 0 0 0 0 0 0 0 0 0 0 0 0 0 0 0 0 0 0 0 0 0 0
 0 0]","[0.032779 0.033    0.1      0.04787  0.02723  0.068    0.012    0.0336
 0.005247 0.015    0.046    0.02354  0.017445 0.02208  0.016111 0.031517
 0.031517 0.022    0.0113   0.0113   0.0113   0.0113   0.0113   0.0113
 0.0113   0.04     0.012    0.025    0.025    0.026452 0.02355  0.016
 0.021171 0.025    0.025    0.025    0.025    0.025    0.025    0.025
 0.025    0.025    0.04     0.0346   0.0328   0.0356   0.03     0.035
 0.03392  0.017646 0.012    0.025174 0.04095  0.017682 0.05     0.03
 0.016    0.032286 0.030487 0.02183  0.09     0.04     0.018    0.0359
 0.02283  0.034    0.04     0.0888   0.03561  0.03683  0.0155   0.031
 0.016198 0.026612 0.01042       nan 0.1      0.068    0.027189 0.02
 0.026728 0.0347   0.022    0.0113   0.0113   0.0113   0.0113   0.0113
 0.0113   0.0113   0.053    0.023    0.052068 0.033    0.03     0.089
 0.018446 0.025    0.05     0.017166 0.015    0.0242   0.027    0.018086
 0.0113   0.0113   0.012    0.018853 0.025    0.025    0.025    0.025
 0.025    0.025    0.025    0.025    0.025    0.025    0.025    0.025
 0.031    0.0636   0.0375   0.0375   0.08     0.012    0.012    0.02
 0.073    0.037    0.04     0.0429   0.0153   0.0153   0.0549   0.026762
 0.05     0.0544   0.018    0.006    0.0343   0.03     0.03     0.03
 0.028    0.1      0.068    0.068    0.068    0.068   ]","[0 0 0 0 0 1 0 0 0 0 0 0 0 1 0 0 0 0 1 1 1 1 1 1 1 0 0 1 1 0 0 0 0 1 1 1 1
 1 1 1 1 1 0 1 0 0 0 1 0 0 0 0 0 0 0 0 0 1 0 1 0 0 0 0 1 0 0 0 0 0 0 0 0 0
 0 1 0 1 0 0 1 1 1 1 1 1 1 1 1 1 0 0 0 0 0 0 0 0 0 0 0 0 0 0 1 1 0 0 1 1 1
 1 1 1 1 1 1 1 1 1 1 0 0 0 0 0 0 0 0 0 0 0 0 0 0 1 1 0 0 0 0 1 1 1 1 0 1 1
 1 1]","{'x_lc': array([[22.719799, 22.272388, 20.00398 , ...,  0.      ,  0.      ,
         0.      ],
       [21.907032, 20.949871, 20.896624, ...,  0.      ,  0.      ,
         0.      ],
       [19.642273, 19.131163, 18.782274, ...,  0.      ,  0.      ,
         0.      ],
       ...,
       [19.639843, 19.447065, 19.523258, ..., 21.449186, 19.054665,
        22.10392 ],
       [23.123287, 19.80615 , 20.214188, ..., 19.247465, 19.978722,
        21.598541],
       [20.68967 , 19.365538, 19.447065, ..., 19.75707 , 19.268002,
        19.37568 ]], shape=(150, 200), dtype=float32), 't_lc': array([[5.8851477e+04, 0.0000000e+00, 5.8911234e+04, ..., 0.0000000e+00,
        0.0000000e+00, 0.0000000e+00],
       [0.0000000e+00, 9.6064005e-03, 5.8827570e+04, ..., 0.0000000e+00,
        0.0000000e+00, 0.0000000e+00],
       [0.0000000e+00, 3.0404167e+00, 5.8883543e+04, ..., 0.0000000e+00,
        0.0000000e+00, 0.0000000e+00],
       ...,
       [5.8970395e+04, 0.0000000e+00, 5.8968410e+04, ..., 5.9017387e+04,
        5.8963426e+04, 5.9016223e+04],
       [5.9022234e+04, 0.0000000e+00, 5.8976332e+04, ..., 5.8968441e+04,
        5.8983445e+04, 5.9015199e+04],
       [5.8994309e+04, 0.0000000e+00, 5.8967363e+04, ..., 5.8980406e+04,
        5.8973234e+04, 5.8975312e+04]], shape=(150, 200), dtype=float32), 'mask_lc': array([[ True,  True,  True, ..., False, False, False],
       [ True,  True,  True, ..., False, False, False],
       [ True,  True,  True, ..., False, False, False],
       ...,
       [ True,  True,  True, ...,  True,  True,  True],
       [ True,  True,  True, ...,  True,  True,  True],
       [ True,  True,  True, ...,  True,  True,  True]], shape=(150, 200))}"
4,multipeak-finetune-noweights-cFrF+KNN3+two,lightcurve and spectral,0,"[0 1 0 0 1 0 0 0 0 0 0 0 0 0 0 0 0 0 1 1 1 1 1 1 1 0 1 0 1 1 0 0 0 1 1 1 1
 1 1 1 1 1 0 0 0 0 0 0 0 0 0 0 0 0 0 0 0 0 0 0 1 0 0 0 1 0 0 0 1 0 1 1 0 0
 0 1 0 0 0 0 0 1 1 1 1 1 1 1 1 1 0 0 1 1 0 1 0 0 1 0 0 0 0 0 1 0 0 0 1 1 1
 1 1 1 1 1 1 1 1 1 0 1 1 0 0 0 0 0 0 0 0 0 0 0 0 0 0 0 0 0 0 0 0 1 0 0 0 0
 0 0]","[0.032779 0.033    0.1      0.04787  0.02723  0.068    0.012    0.0336
 0.005247 0.015    0.046    0.02354  0.017445 0.02208  0.016111 0.031517
 0.031517 0.022    0.0113   0.0113   0.0113   0.0113   0.0113   0.0113
 0.0113   0.04     0.012    0.025    0.025    0.026452 0.02355  0.016
 0.021171 0.025    0.025    0.025    0.025    0.025    0.025    0.025
 0.025    0.025    0.04     0.0346   0.0328   0.0356   0.03     0.035
 0.03392  0.017646 0.012    0.025174 0.04095  0.017682 0.05     0.03
 0.016    0.032286 0.030487 0.02183  0.09     0.04     0.018    0.0359
 0.02283  0.034    0.04     0.0888   0.03561  0.03683  0.0155   0.031
 0.016198 0.026612 0.01042       nan 0.1      0.068    0.027189 0.02
 0.026728 0.0347   0.022    0.0113   0.0113   0.0113   0.0113   0.0113
 0.0113   0.0113   0.053    0.023    0.052068 0.033    0.03     0.089
 0.018446 0.025    0.05     0.017166 0.015    0.0242   0.027    0.018086
 0.0113   0.0113   0.012    0.018853 0.025    0.025    0.025    0.025
 0.025    0.025    0.025    0.025    0.025    0.025    0.025    0.025
 0.031    0.0636   0.0375   0.0375   0.08     0.012    0.012    0.02
 0.073    0.037    0.04     0.0429   0.0153   0.0153   0.0549   0.026762
 0.05     0.0544   0.018    0.006    0.0343   0.03     0.03     0.03
 0.028    0.1      0.068    0.068    0.068    0.068   ]","[0 0 0 0 0 1 0 0 0 0 0 0 0 1 0 0 0 0 1 1 1 1 1 1 1 0 0 1 1 0 0 0 0 1 1 1 1
 1 1 1 1 1 0 1 0 0 0 1 0 0 0 0 0 0 0 0 0 1 0 1 0 0 0 0 1 0 0 0 0 0 0 0 0 0
 0 1 0 1 0 0 1 1 1 1 1 1 1 1 1 1 0 0 0 0 0 0 0 0 0 0 0 0 0 0 1 1 0 0 1 1 1
 1 1 1 1 1 1 1 1 1 1 0 0 0 0 0 0 0 0 0 0 0 0 0 0 1 1 0 0 0 0 1 1 1 1 0 1 1
 1 1]","{'x_lc': array([[22.719799, 22.272388, 20.00398 , ...,  0.      ,  0.      ,
         0.      ],
       [21.907032, 20.949871, 20.896624, ...,  0.      ,  0.      ,
         0.      ],
       [19.642273, 19.131163, 18.782274, ...,  0.      ,  0.      ,
         0.      ],
       ...,
       [19.639843, 19.447065, 19.523258, ..., 21.449186, 19.054665,
        22.10392 ],
       [23.123287, 19.80615 , 20.214188, ..., 19.247465, 19.978722,
        21.598541],
       [20.68967 , 19.365538, 19.447065, ..., 19.75707 , 19.268002,
        19.37568 ]], shape=(150, 200), dtype=float32), 't_lc': array([[5.8851477e+04, 0.0000000e+00, 5.8911234e+04, ..., 0.0000000e+00,
        0.0000000e+00, 0.0000000e+00],
       [0.0000000e+00, 9.6064005e-03, 5.8827570e+04, ..., 0.0000000e+00,
        0.0000000e+00, 0.0000000e+00],
       [0.0000000e+00, 3.0404167e+00, 5.8883543e+04, ..., 0.0000000e+00,
        0.0000000e+00, 0.0000000e+00],
       ...,
       [5.8970395e+04, 0.0000000e+00, 5.8968410e+04, ..., 5.9017387e+04,
        5.8963426e+04, 5.9016223e+04],
       [5.9022234e+04, 0.0000000e+00, 5.8976332e+04, ..., 5.8968441e+04,
        5.8983445e+04, 5.9015199e+04],
       [5.8994309e+04, 0.0000000e+00, 5.8967363e+04, ..., 5.8980406e+04,
        5.8973234e+04, 5.8975312e+04]], shape=(150, 200), dtype=float32), 'mask_lc': array([[ True,  True,  True, ..., False, False, False],
       [ True,  True,  True, ..., False, False, False],
       [ True,  True,  True, ..., False, False, False],
       ...,
       [ True,  True,  True, ...,  True,  True,  True],
       [ True,  True,  True, ...,  True,  True,  True],
       [ True,  True,  True, ...,  True,  True,  True]], shape=(150, 200))}"
5,multipeak-finetune-noweights-cFrF+KNN3+two,spectral,0,"[0 1 1 0 1 1 0 0 0 0 0 0 0 0 1 0 0 0 1 0 1 1 1 1 1 0 0 0 0 0 0 0 0 0 1 0 1
 1 0 1 1 1 0 1 1 0 1 0 1 0 1 0 0 1 1 0 0 0 0 0 0 0 0 0 1 1 1 0 1 0 1 1 0 0
 0 0 0 1 0 0 0 1 1 1 0 1 1 0 0 0 0 1 1 0 0 1 0 1 0 1 0 1 1 0 0 1 0 1 0 1 1
 0 0 1 1 1 1 1 1 0 1 1 1 1 0 0 0 1 0 1 0 1 1 0 0 0 0 0 1 1 0 1 0 1 0 0 0 1
 1 0]","[0.032779 0.033    0.1      0.04787  0.02723  0.068    0.012    0.0336
 0.005247 0.015    0.046    0.02354  0.017445 0.02208  0.016111 0.031517
 0.031517 0.022    0.0113   0.0113   0.0113   0.0113   0.0113   0.0113
 0.0113   0.04     0.012    0.025    0.025    0.026452 0.02355  0.016
 0.021171 0.025    0.025    0.025    0.025    0.025    0.025    0.025
 0.025    0.025    0.04     0.0346   0.0328   0.0356   0.03     0.035
 0.03392  0.017646 0.012    0.025174 0.04095  0.017682 0.05     0.03
 0.016    0.032286 0.030487 0.02183  0.09     0.04     0.018    0.0359
 0.02283  0.034    0.04     0.0888   0.03561  0.03683  0.0155   0.031
 0.016198 0.026612 0.01042       nan 0.1      0.068    0.027189 0.02
 0.026728 0.0347   0.022    0.0113   0.0113   0.0113   0.0113   0.0113
 0.0113   0.0113   0.053    0.023    0.052068 0.033    0.03     0.089
 0.018446 0.025    0.05     0.017166 0.015    0.0242   0.027    0.018086
 0.0113   0.0113   0.012    0.018853 0.025    0.025    0.025    0.025
 0.025    0.025    0.025    0.025    0.025    0.025    0.025    0.025
 0.031    0.0636   0.0375   0.0375   0.08     0.012    0.012    0.02
 0.073    0.037    0.04     0.0429   0.0153   0.0153   0.0549   0.026762
 0.05     0.0544   0.018    0.006    0.0343   0.03     0.03     0.03
 0.028    0.1      0.068    0.068    0.068    0.068   ]","[0 0 0 0 0 1 0 0 0 0 0 0 0 1 0 0 0 0 1 1 1 1 1 1 1 0 0 1 1 0 0 0 0 1 1 1 1
 1 1 1 1 1 0 1 0 0 0 1 0 0 0 0 0 0 0 0 0 1 0 1 0 0 0 0 1 0 0 0 0 0 0 0 0 0
 0 1 0 1 0 0 1 1 1 1 1 1 1 1 1 1 0 0 0 0 0 0 0 0 0 0 0 0 0 0 1 1 0 0 1 1 1
 1 1 1 1 1 1 1 1 1 1 0 0 0 0 0 0 0 0 0 0 0 0 0 0 1 1 0 0 0 0 1 1 1 1 0 1 1
 1 1]","{'x_lc': array([[22.719799, 22.272388, 20.00398 , ...,  0.      ,  0.      ,
         0.      ],
       [21.907032, 20.949871, 20.896624, ...,  0.      ,  0.      ,
         0.      ],
       [19.642273, 19.131163, 18.782274, ...,  0.      ,  0.      ,
         0.      ],
       ...,
       [19.639843, 19.447065, 19.523258, ..., 21.449186, 19.054665,
        22.10392 ],
       [23.123287, 19.80615 , 20.214188, ..., 19.247465, 19.978722,
        21.598541],
       [20.68967 , 19.365538, 19.447065, ..., 19.75707 , 19.268002,
        19.37568 ]], shape=(150, 200), dtype=float32), 't_lc': array([[5.8851477e+04, 0.0000000e+00, 5.8911234e+04, ..., 0.0000000e+00,
        0.0000000e+00, 0.0000000e+00],
       [0.0000000e+00, 9.6064005e-03, 5.8827570e+04, ..., 0.0000000e+00,
        0.0000000e+00, 0.0000000e+00],
       [0.0000000e+00, 3.0404167e+00, 5.8883543e+04, ..., 0.0000000e+00,
        0.0000000e+00, 0.0000000e+00],
       ...,
       [5.8970395e+04, 0.0000000e+00, 5.8968410e+04, ..., 5.9017387e+04,
        5.8963426e+04, 5.9016223e+04],
       [5.9022234e+04, 0.0000000e+00, 5.8976332e+04, ..., 5.8968441e+04,
        5.8983445e+04, 5.9015199e+04],
       [5.8994309e+04, 0.0000000e+00, 5.8967363e+04, ..., 5.8980406e+04,
        5.8973234e+04, 5.8975312e+04]], shape=(150, 200), dtype=float32), 'mask_lc': array([[ True,  True,  True, ..., False, False, False],
       [ True,  True,  True, ..., False, False, False],
       [ True,  True,  True, ..., False, False, False],
       ...,
       [ True,  True,  True, ...,  True,  True,  True],
       [ True,  True,  True, ...,  True,  True,  True],
       [ True,  True,  True, ...,  True,  True,  True]], shape=(150, 200))}"
6,multipeak-finetune-noweights-cFrF+KNN5+two,lightcurve,0,"[0 0 0 0 1 0 0 0 1 0 0 0 0 0 0 0 0 0 1 1 1 1 1 1 1 0 0 0 1 1 0 0 0 1 1 1 1
 1 1 1 1 1 0 0 0 0 0 0 0 0 0 0 0 0 0 0 0 0 0 0 0 1 0 0 0 0 0 0 0 0 0 0 0 0
 0 1 0 1 0 0 0 0 0 1 1 1 1 1 1 1 0 0 1 1 1 0 0 0 0 0 0 0 0 0 1 1 0 0 1 1 1
 1 1 1 1 1 1 1 1 1 0 0 0 0 0 0 0 0 0 0 0 0 0 0 0 0 0 0 0 0 0 0 0 0 0 0 0 0
 0 0]","[0.032779 0.033    0.1      0.04787  0.02723  0.068    0.012    0.0336
 0.005247 0.015    0.046    0.02354  0.017445 0.02208  0.016111 0.031517
 0.031517 0.022    0.0113   0.0113   0.0113   0.0113   0.0113   0.0113
 0.0113   0.04     0.012    0.025    0.025    0.026452 0.02355  0.016
 0.021171 0.025    0.025    0.025    0.025    0.025    0.025    0.025
 0.025    0.025    0.04     0.0346   0.0328   0.0356   0.03     0.035
 0.03392  0.017646 0.012    0.025174 0.04095  0.017682 0.05     0.03
 0.016    0.032286 0.030487 0.02183  0.09     0.04     0.018    0.0359
 0.02283  0.034    0.04     0.0888   0.03561  0.03683  0.0155   0.031
 0.016198 0.026612 0.01042       nan 0.1      0.068    0.027189 0.02
 0.026728 0.0347   0.022    0.0113   0.0113   0.0113   0.0113   0.0113
 0.0113   0.0113   0.053    0.023    0.052068 0.033    0.03     0.089
 0.018446 0.025    0.05     0.017166 0.015    0.0242   0.027    0.018086
 0.0113   0.0113   0.012    0.018853 0.025    0.025    0.025    0.025
 0.025    0.025    0.025    0.025    0.025    0.025    0.025    0.025
 0.031    0.0636   0.0375   0.0375   0.08     0.012    0.012    0.02
 0.073    0.037    0.04     0.0429   0.0153   0.0153   0.0549   0.026762
 0.05     0.0544   0.018    0.006    0.0343   0.03     0.03     0.03
 0.028    0.1      0.068    0.068    0.068    0.068   ]","[0 0 0 0 0 1 0 0 0 0 0 0 0 1 0 0 0 0 1 1 1 1 1 1 1 0 0 1 1 0 0 0 0 1 1 1 1
 1 1 1 1 1 0 1 0 0 0 1 0 0 0 0 0 0 0 0 0 1 0 1 0 0 0 0 1 0 0 0 0 0 0 0 0 0
 0 1 0 1 0 0 1 1 1 1 1 1 1 1 1 1 0 0 0 0 0 0 0 0 0 0 0 0 0 0 1 1 0 0 1 1 1
 1 1 1 1 1 1 1 1 1 1 0 0 0 0 0 0 0 0 0 0 0 0 0 0 1 1 0 0 0 0 1 1 1 1 0 1 1
 1 1]","{'x_lc': array([[22.719799, 22.272388, 20.00398 , ...,  0.      ,  0.      ,
         0.      ],
       [21.907032, 20.949871, 20.896624, ...,  0.      ,  0.      ,
         0.      ],
       [19.642273, 19.131163, 18.782274, ...,  0.      ,  0.      ,
         0.      ],
       ...,
       [19.639843, 19.447065, 19.523258, ..., 21.449186, 19.054665,
        22.10392 ],
       [23.123287, 19.80615 , 20.214188, ..., 19.247465, 19.978722,
        21.598541],
       [20.68967 , 19.365538, 19.447065, ..., 19.75707 , 19.268002,
        19.37568 ]], shape=(150, 200), dtype=float32), 't_lc': array([[5.8851477e+04, 0.0000000e+00, 5.8911234e+04, ..., 0.0000000e+00,
        0.0000000e+00, 0.0000000e+00],
       [0.0000000e+00, 9.6064005e-03, 5.8827570e+04, ..., 0.0000000e+00,
        0.0000000e+00, 0.0000000e+00],
       [0.0000000e+00, 3.0404167e+00, 5.8883543e+04, ..., 0.0000000e+00,
        0.0000000e+00, 0.0000000e+00],
       ...,
       [5.8970395e+04, 0.0000000e+00, 5.8968410e+04, ..., 5.9017387e+04,
        5.8963426e+04, 5.9016223e+04],
       [5.9022234e+04, 0.0000000e+00, 5.8976332e+04, ..., 5.8968441e+04,
        5.8983445e+04, 5.9015199e+04],
       [5.8994309e+04, 0.0000000e+00, 5.8967363e+04, ..., 5.8980406e+04,
        5.8973234e+04, 5.8975312e+04]], shape=(150, 200), dtype=float32), 'mask_lc': array([[ True,  True,  True, ..., False, False, False],
       [ True,  True,  True, ..., False, False, False],
       [ True,  True,  True, ..., False, False, False],
       ...,
       [ True,  True,  True, ...,  True,  True,  True],
       [ True,  True,  True, ...,  True,  True,  True],
       [ True,  True,  True, ...,  True,  True,  True]], shape=(150, 200))}"
7,multipeak-finetune-noweights-cFrF+KNN5+two,lightcurve and spectral,0,"[0 1 0 0 1 0 0 0 0 0 0 0 0 0 0 0 0 0 1 1 1 1 1 1 1 0 0 0 1 1 0 0 0 1 1 1 1
 1 1 1 1 1 0 0 0 0 0 1 0 0 0 0 0 0 0 0 0 0 0 0 1 0 0 0 0 0 0 0 1 0 1 1 0 0
 0 1 0 0 0 0 0 1 1 1 1 1 1 1 1 1 0 0 0 1 0 0 1 0 1 0 0 0 0 0 1 0 0 0 1 1 1
 1 1 1 1 1 1 1 1 1 0 1 1 0 0 0 0 0 0 0 0 0 0 0 0 0 0 0 0 0 0 0 0 1 0 0 0 0
 1 0]","[0.032779 0.033    0.1      0.04787  0.02723  0.068    0.012    0.0336
 0.005247 0.015    0.046    0.02354  0.017445 0.02208  0.016111 0.031517
 0.031517 0.022    0.0113   0.0113   0.0113   0.0113   0.0113   0.0113
 0.0113   0.04     0.012    0.025    0.025    0.026452 0.02355  0.016
 0.021171 0.025    0.025    0.025    0.025    0.025    0.025    0.025
 0.025    0.025    0.04     0.0346   0.0328   0.0356   0.03     0.035
 0.03392  0.017646 0.012    0.025174 0.04095  0.017682 0.05     0.03
 0.016    0.032286 0.030487 0.02183  0.09     0.04     0.018    0.0359
 0.02283  0.034    0.04     0.0888   0.03561  0.03683  0.0155   0.031
 0.016198 0.026612 0.01042       nan 0.1      0.068    0.027189 0.02
 0.026728 0.0347   0.022    0.0113   0.0113   0.0113   0.0113   0.0113
 0.0113   0.0113   0.053    0.023    0.052068 0.033    0.03     0.089
 0.018446 0.025    0.05     0.017166 0.015    0.0242   0.027    0.018086
 0.0113   0.0113   0.012    0.018853 0.025    0.025    0.025    0.025
 0.025    0.025    0.025    0.025    0.025    0.025    0.025    0.025
 0.031    0.0636   0.0375   0.0375   0.08     0.012    0.012    0.02
 0.073    0.037    0.04     0.0429   0.0153   0.0153   0.0549   0.026762
 0.05     0.0544   0.018    0.006    0.0343   0.03     0.03     0.03
 0.028    0.1      0.068    0.068    0.068    0.068   ]","[0 0 0 0 0 1 0 0 0 0 0 0 0 1 0 0 0 0 1 1 1 1 1 1 1 0 0 1 1 0 0 0 0 1 1 1 1
 1 1 1 1 1 0 1 0 0 0 1 0 0 0 0 0 0 0 0 0 1 0 1 0 0 0 0 1 0 0 0 0 0 0 0 0 0
 0 1 0 1 0 0 1 1 1 1 1 1 1 1 1 1 0 0 0 0 0 0 0 0 0 0 0 0 0 0 1 1 0 0 1 1 1
 1 1 1 1 1 1 1 1 1 1 0 0 0 0 0 0 0 0 0 0 0 0 0 0 1 1 0 0 0 0 1 1 1 1 0 1 1
 1 1]","{'x_lc': array([[22.719799, 22.272388, 20.00398 , ...,  0.      ,  0.      ,
         0.      ],
       [21.907032, 20.949871, 20.896624, ...,  0.      ,  0.      ,
         0.      ],
       [19.642273, 19.131163, 18.782274, ...,  0.      ,  0.      ,
         0.      ],
       ...,
       [19.639843, 19.447065, 19.523258, ..., 21.449186, 19.054665,
        22.10392 ],
       [23.123287, 19.80615 , 20.214188, ..., 19.247465, 19.978722,
        21.598541],
       [20.68967 , 19.365538, 19.447065, ..., 19.75707 , 19.268002,
        19.37568 ]], shape=(150, 200), dtype=float32), 't_lc': array([[5.8851477e+04, 0.0000000e+00, 5.8911234e+04, ..., 0.0000000e+00,
        0.0000000e+00, 0.0000000e+00],
       [0.0000000e+00, 9.6064005e-03, 5.8827570e+04, ..., 0.0000000e+00,
        0.0000000e+00, 0.0000000e+00],
       [0.0000000e+00, 3.0404167e+00, 5.8883543e+04, ..., 0.0000000e+00,
        0.0000000e+00, 0.0000000e+00],
       ...,
       [5.8970395e+04, 0.0000000e+00, 5.8968410e+04, ..., 5.9017387e+04,
        5.8963426e+04, 5.9016223e+04],
       [5.9022234e+04, 0.0000000e+00, 5.8976332e+04, ..., 5.8968441e+04,
        5.8983445e+04, 5.9015199e+04],
       [5.8994309e+04, 0.0000000e+00, 5.8967363e+04, ..., 5.8980406e+04,
        5.8973234e+04, 5.8975312e+04]], shape=(150, 200), dtype=float32), 'mask_lc': array([[ True,  True,  True, ..., False, False, False],
       [ True,  True,  True, ..., False, False, False],
       [ True,  True,  True, ..., False, False, False],
       ...,
       [ True,  True,  True, ...,  True,  True,  True],
       [ True,  True,  True, ...,  True,  True,  True],
       [ True,  True,  True, ...,  True,  True,  True]], shape=(150, 200))}"
8,multipeak-finetune-noweights-cFrF+KNN5+two,spectral,0,"[0 1 1 0 1 1 1 0 0 1 0 0 0 1 1 0 0 0 1 0 1 1 1 1 1 0 0 0 0 0 0 0 0 0 1 0 1
 1 0 1 1 1 0 1 1 0 1 0 1 0 1 0 0 0 1 0 0 0 0 0 0 0 0 0 1 1 0 0 1 0 1 1 1 0
 0 0 0 0 0 0 0 1 1 1 0 1 1 0 0 0 0 1 1 1 0 1 1 1 0 1 0 1 1 0 0 1 0 0 0 1 1
 0 0 1 1 1 1 1 1 0 1 1 0 1 0 0 0 1 0 1 0 0 0 0 0 0 0 0 1 1 0 1 1 1 1 0 0 1
 1 1]","[0.032779 0.033    0.1      0.04787  0.02723  0.068    0.012    0.0336
 0.005247 0.015    0.046    0.02354  0.017445 0.02208  0.016111 0.031517
 0.031517 0.022    0.0113   0.0113   0.0113   0.0113   0.0113   0.0113
 0.0113   0.04     0.012    0.025    0.025    0.026452 0.02355  0.016
 0.021171 0.025    0.025    0.025    0.025    0.025    0.025    0.025
 0.025    0.025    0.04     0.0346   0.0328   0.0356   0.03     0.035
 0.03392  0.017646 0.012    0.025174 0.04095  0.017682 0.05     0.03
 0.016    0.032286 0.030487 0.02183  0.09     0.04     0.018    0.0359
 0.02283  0.034    0.04     0.0888   0.03561  0.03683  0.0155   0.031
 0.016198 0.026612 0.01042       nan 0.1      0.068    0.027189 0.02
 0.026728 0.0347   0.022    0.0113   0.0113   0.0113   0.0113   0.0113
 0.0113   0.0113   0.053    0.023    0.052068 0.033    0.03     0.089
 0.018446 0.025    0.05     0.017166 0.015    0.0242   0.027    0.018086
 0.0113   0.0113   0.012    0.018853 0.025    0.025    0.025    0.025
 0.025    0.025    0.025    0.025    0.025    0.025    0.025    0.025
 0.031    0.0636   0.0375   0.0375   0.08     0.012    0.012    0.02
 0.073    0.037    0.04     0.0429   0.0153   0.0153   0.0549   0.026762
 0.05     0.0544   0.018    0.006    0.0343   0.03     0.03     0.03
 0.028    0.1      0.068    0.068    0.068    0.068   ]","[0 0 0 0 0 1 0 0 0 0 0 0 0 1 0 0 0 0 1 1 1 1 1 1 1 0 0 1 1 0 0 0 0 1 1 1 1
 1 1 1 1 1 0 1 0 0 0 1 0 0 0 0 0 0 0 0 0 1 0 1 0 0 0 0 1 0 0 0 0 0 0 0 0 0
 0 1 0 1 0 0 1 1 1 1 1 1 1 1 1 1 0 0 0 0 0 0 0 0 0 0 0 0 0 0 1 1 0 0 1 1 1
 1 1 1 1 1 1 1 1 1 1 0 0 0 0 0 0 0 0 0 0 0 0 0 0 1 1 0 0 0 0 1 1 1 1 0 1 1
 1 1]","{'x_lc': array([[22.719799, 22.272388, 20.00398 , ...,  0.      ,  0.      ,
         0.      ],
       [21.907032, 20.949871, 20.896624, ...,  0.      ,  0.      ,
         0.      ],
       [19.642273, 19.131163, 18.782274, ...,  0.      ,  0.      ,
         0.      ],
       ...,
       [19.639843, 19.447065, 19.523258, ..., 21.449186, 19.054665,
        22.10392 ],
       [23.123287, 19.80615 , 20.214188, ..., 19.247465, 19.978722,
        21.598541],
       [20.68967 , 19.365538, 19.447065, ..., 19.75707 , 19.268002,
        19.37568 ]], shape=(150, 200), dtype=float32), 't_lc': array([[5.8851477e+04, 0.0000000e+00, 5.8911234e+04, ..., 0.0000000e+00,
        0.0000000e+00, 0.0000000e+00],
       [0.0000000e+00, 9.6064005e-03, 5.8827570e+04, ..., 0.0000000e+00,
        0.0000000e+00, 0.0000000e+00],
       [0.0000000e+00, 3.0404167e+00, 5.8883543e+04, ..., 0.0000000e+00,
        0.0000000e+00, 0.0000000e+00],
       ...,
       [5.8970395e+04, 0.0000000e+00, 5.8968410e+04, ..., 5.9017387e+04,
        5.8963426e+04, 5.9016223e+04],
       [5.9022234e+04, 0.0000000e+00, 5.8976332e+04, ..., 5.8968441e+04,
        5.8983445e+04, 5.9015199e+04],
       [5.8994309e+04, 0.0000000e+00, 5.8967363e+04, ..., 5.8980406e+04,
        5.8973234e+04, 5.8975312e+04]], shape=(150, 200), dtype=float32), 'mask_lc': array([[ True,  True,  True, ..., False, False, False],
       [ True,  True,  True, ..., False, False, False],
       [ True,  True,  True, ..., False, False, False],
       ...,
       [ True,  True,  True, ...,  True,  True,  True],
       [ True,  True,  True, ...,  True,  True,  True],
       [ True,  True,  True, ...,  True,  True,  True]], shape=(150, 200))}"
9,multipeak-finetune-noweights-cFrF+KNN7+two,lightcurve,0,"[0 0 0 0 1 1 0 0 0 0 0 0 0 0 0 0 0 0 1 1 1 1 1 1 1 0 0 0 1 1 0 0 0 1 1 1 1
 1 1 1 1 1 0 0 0 0 0 0 0 0 0 0 0 0 0 0 0 0 0 0 1 1 0 0 0 0 0 0 0 1 0 1 0 0
 1 1 0 1 0 0 0 0 0 1 1 1 1 1 1 1 0 0 1 1 0 0 0 0 0 0 0 0 0 0 1 1 0 0 1 1 1
 1 1 1 1 1 1 1 1 1 0 0 0 0 0 0 0 0 0 0 0 0 0 0 0 0 0 0 0 0 0 1 1 1 0 0 0 0
 0 0]","[0.032779 0.033    0.1      0.04787  0.02723  0.068    0.012    0.0336
 0.005247 0.015    0.046    0.02354  0.017445 0.02208  0.016111 0.031517
 0.031517 0.022    0.0113   0.0113   0.0113   0.0113   0.0113   0.0113
 0.0113   0.04     0.012    0.025    0.025    0.026452 0.02355  0.016
 0.021171 0.025    0.025    0.025    0.025    0.025    0.025    0.025
 0.025    0.025    0.04     0.0346   0.0328   0.0356   0.03     0.035
 0.03392  0.017646 0.012    0.025174 0.04095  0.017682 0.05     0.03
 0.016    0.032286 0.030487 0.02183  0.09     0.04     0.018    0.0359
 0.02283  0.034    0.04     0.0888   0.03561  0.03683  0.0155   0.031
 0.016198 0.026612 0.01042       nan 0.1      0.068    0.027189 0.02
 0.026728 0.0347   0.022    0.0113   0.0113   0.0113   0.0113   0.0113
 0.0113   0.0113   0.053    0.023    0.052068 0.033    0.03     0.089
 0.018446 0.025    0.05     0.017166 0.015    0.0242   0.027    0.018086
 0.0113   0.0113   0.012    0.018853 0.025    0.025    0.025    0.025
 0.025    0.025    0.025    0.025    0.025    0.025    0.025    0.025
 0.031    0.0636   0.0375   0.0375   0.08     0.012    0.012    0.02
 0.073    0.037    0.04     0.0429   0.0153   0.0153   0.0549   0.026762
 0.05     0.0544   0.018    0.006    0.0343   0.03     0.03     0.03
 0.028    0.1      0.068    0.068    0.068    0.068   ]","[0 0 0 0 0 1 0 0 0 0 0 0 0 1 0 0 0 0 1 1 1 1 1 1 1 0 0 1 1 0 0 0 0 1 1 1 1
 1 1 1 1 1 0 1 0 0 0 1 0 0 0 0 0 0 0 0 0 1 0 1 0 0 0 0 1 0 0 0 0 0 0 0 0 0
 0 1 0 1 0 0 1 1 1 1 1 1 1 1 1 1 0 0 0 0 0 0 0 0 0 0 0 0 0 0 1 1 0 0 1 1 1
 1 1 1 1 1 1 1 1 1 1 0 0 0 0 0 0 0 0 0 0 0 0 0 0 1 1 0 0 0 0 1 1 1 1 0 1 1
 1 1]","{'x_lc': array([[22.719799, 22.272388, 20.00398 , ...,  0.      ,  0.      ,
         0.      ],
       [21.907032, 20.949871, 20.896624, ...,  0.      ,  0.      ,
         0.      ],
       [19.642273, 19.131163, 18.782274, ...,  0.      ,  0.      ,
         0.      ],
       ...,
       [19.639843, 19.447065, 19.523258, ..., 21.449186, 19.054665,
        22.10392 ],
       [23.123287, 19.80615 , 20.214188, ..., 19.247465, 19.978722,
        21.598541],
       [20.68967 , 19.365538, 19.447065, ..., 19.75707 , 19.268002,
        19.37568 ]], shape=(150, 200), dtype=float32), 't_lc': array([[5.8851477e+04, 0.0000000e+00, 5.8911234e+04, ..., 0.0000000e+00,
        0.0000000e+00, 0.0000000e+00],
       [0.0000000e+00, 9.6064005e-03, 5.8827570e+04, ..., 0.0000000e+00,
        0.0000000e+00, 0.0000000e+00],
       [0.0000000e+00, 3.0404167e+00, 5.8883543e+04, ..., 0.0000000e+00,
        0.0000000e+00, 0.0000000e+00],
       ...,
       [5.8970395e+04, 0.0000000e+00, 5.8968410e+04, ..., 5.9017387e+04,
        5.8963426e+04, 5.9016223e+04],
       [5.9022234e+04, 0.0000000e+00, 5.8976332e+04, ..., 5.8968441e+04,
        5.8983445e+04, 5.9015199e+04],
       [5.8994309e+04, 0.0000000e+00, 5.8967363e+04, ..., 5.8980406e+04,
        5.8973234e+04, 5.8975312e+04]], shape=(150, 200), dtype=float32), 'mask_lc': array([[ True,  True,  True, ..., False, False, False],
       [ True,  True,  True, ..., False, False, False],
       [ True,  True,  True, ..., False, False, False],
       ...,
       [ True,  True,  True, ...,  True,  True,  True],
       [ True,  True,  True, ...,  True,  True,  True],
       [ True,  True,  True, ...,  True,  True,  True]], shape=(150, 200))}"
10,multipeak-finetune-noweights-cFrF+KNN7+two,lightcurve and spectral,0,"[0 1 0 1 1 0 0 0 0 0 0 0 0 0 0 0 0 1 1 1 1 1 1 1 1 0 1 0 1 1 0 0 0 1 1 1 1
 1 1 1 1 1 0 0 0 0 0 0 0 0 0 0 0 0 0 0 0 0 0 0 1 0 0 0 0 0 0 0 1 0 1 1 0 0
 0 1 0 0 0 0 0 0 0 1 1 1 1 1 1 1 0 0 0 1 0 0 0 0 0 0 0 0 0 0 1 0 0 0 1 1 1
 1 1 1 1 1 1 1 1 1 0 0 0 0 0 0 0 1 0 0 0 0 0 0 0 0 0 0 0 0 0 0 0 1 0 0 0 0
 1 0]","[0.032779 0.033    0.1      0.04787  0.02723  0.068    0.012    0.0336
 0.005247 0.015    0.046    0.02354  0.017445 0.02208  0.016111 0.031517
 0.031517 0.022    0.0113   0.0113   0.0113   0.0113   0.0113   0.0113
 0.0113   0.04     0.012    0.025    0.025    0.026452 0.02355  0.016
 0.021171 0.025    0.025    0.025    0.025    0.025    0.025    0.025
 0.025    0.025    0.04     0.0346   0.0328   0.0356   0.03     0.035
 0.03392  0.017646 0.012    0.025174 0.04095  0.017682 0.05     0.03
 0.016    0.032286 0.030487 0.02183  0.09     0.04     0.018    0.0359
 0.02283  0.034    0.04     0.0888   0.03561  0.03683  0.0155   0.031
 0.016198 0.026612 0.01042       nan 0.1      0.068    0.027189 0.02
 0.026728 0.0347   0.022    0.0113   0.0113   0.0113   0.0113   0.0113
 0.0113   0.0113   0.053    0.023    0.052068 0.033    0.03     0.089
 0.018446 0.025    0.05     0.017166 0.015    0.0242   0.027    0.018086
 0.0113   0.0113   0.012    0.018853 0.025    0.025    0.025    0.025
 0.025    0.025    0.025    0.025    0.025    0.025    0.025    0.025
 0.031    0.0636   0.0375   0.0375   0.08     0.012    0.012    0.02
 0.073    0.037    0.04     0.0429   0.0153   0.0153   0.0549   0.026762
 0.05     0.0544   0.018    0.006    0.0343   0.03     0.03     0.03
 0.028    0.1      0.068    0.068    0.068    0.068   ]","[0 0 0 0 0 1 0 0 0 0 0 0 0 1 0 0 0 0 1 1 1 1 1 1 1 0 0 1 1 0 0 0 0 1 1 1 1
 1 1 1 1 1 0 1 0 0 0 1 0 0 0 0 0 0 0 0 0 1 0 1 0 0 0 0 1 0 0 0 0 0 0 0 0 0
 0 1 0 1 0 0 1 1 1 1 1 1 1 1 1 1 0 0 0 0 0 0 0 0 0 0 0 0 0 0 1 1 0 0 1 1 1
 1 1 1 1 1 1 1 1 1 1 0 0 0 0 0 0 0 0 0 0 0 0 0 0 1 1 0 0 0 0 1 1 1 1 0 1 1
 1 1]","{'x_lc': array([[22.719799, 22.272388, 20.00398 , ...,  0.      ,  0.      ,
         0.      ],
       [21.907032, 20.949871, 20.896624, ...,  0.      ,  0.      ,
         0.      ],
       [19.642273, 19.131163, 18.782274, ...,  0.      ,  0.      ,
         0.      ],
       ...,
       [19.639843, 19.447065, 19.523258, ..., 21.449186, 19.054665,
        22.10392 ],
       [23.123287, 19.80615 , 20.214188, ..., 19.247465, 19.978722,
        21.598541],
       [20.68967 , 19.365538, 19.447065, ..., 19.75707 , 19.268002,
        19.37568 ]], shape=(150, 200), dtype=float32), 't_lc': array([[5.8851477e+04, 0.0000000e+00, 5.8911234e+04, ..., 0.0000000e+00,
        0.0000000e+00, 0.0000000e+00],
       [0.0000000e+00, 9.6064005e-03, 5.8827570e+04, ..., 0.0000000e+00,
        0.0000000e+00, 0.0000000e+00],
       [0.0000000e+00, 3.0404167e+00, 5.8883543e+04, ..., 0.0000000e+00,
        0.0000000e+00, 0.0000000e+00],
       ...,
       [5.8970395e+04, 0.0000000e+00, 5.8968410e+04, ..., 5.9017387e+04,
        5.8963426e+04, 5.9016223e+04],
       [5.9022234e+04, 0.0000000e+00, 5.8976332e+04, ..., 5.8968441e+04,
        5.8983445e+04, 5.9015199e+04],
       [5.8994309e+04, 0.0000000e+00, 5.8967363e+04, ..., 5.8980406e+04,
        5.8973234e+04, 5.8975312e+04]], shape=(150, 200), dtype=float32), 'mask_lc': array([[ True,  True,  True, ..., False, False, False],
       [ True,  True,  True, ..., False, False, False],
       [ True,  True,  True, ..., False, False, False],
       ...,
       [ True,  True,  True, ...,  True,  True,  True],
       [ True,  True,  True, ...,  True,  True,  True],
       [ True,  True,  True, ...,  True,  True,  True]], shape=(150, 200))}"
11,multipeak-finetune-noweights-cFrF+KNN7+two,spectral,0,"[0 1 1 0 1 1 0 0 0 1 0 0 0 1 1 0 0 0 1 0 1 1 1 1 1 0 0 0 0 0 0 0 0 0 1 1 1
 1 1 1 1 1 0 1 0 0 1 0 1 0 1 0 0 0 1 0 0 0 0 0 1 0 0 0 1 1 0 0 0 0 1 1 1 0
 0 0 0 1 0 0 0 1 1 1 0 0 0 0 0 1 1 0 1 0 0 1 0 1 0 1 0 0 0 0 0 0 0 1 0 1 1
 0 0 1 1 1 1 1 1 0 1 0 1 1 0 0 0 1 0 1 0 0 0 0 0 1 0 0 1 1 1 1 1 1 1 0 0 1
 1 0]","[0.032779 0.033    0.1      0.04787  0.02723  0.068    0.012    0.0336
 0.005247 0.015    0.046    0.02354  0.017445 0.02208  0.016111 0.031517
 0.031517 0.022    0.0113   0.0113   0.0113   0.0113   0.0113   0.0113
 0.0113   0.04     0.012    0.025    0.025    0.026452 0.02355  0.016
 0.021171 0.025    0.025    0.025    0.025    0.025    0.025    0.025
 0.025    0.025    0.04     0.0346   0.0328   0.0356   0.03     0.035
 0.03392  0.017646 0.012    0.025174 0.04095  0.017682 0.05     0.03
 0.016    0.032286 0.030487 0.02183  0.09     0.04     0.018    0.0359
 0.02283  0.034    0.04     0.0888   0.03561  0.03683  0.0155   0.031
 0.016198 0.026612 0.01042       nan 0.1      0.068    0.027189 0.02
 0.026728 0.0347   0.022    0.0113   0.0113   0.0113   0.0113   0.0113
 0.0113   0.0113   0.053    0.023    0.052068 0.033    0.03     0.089
 0.018446 0.025    0.05     0.017166 0.015    0.0242   0.027    0.018086
 0.0113   0.0113   0.012    0.018853 0.025    0.025    0.025    0.025
 0.025    0.025    0.025    0.025    0.025    0.025    0.025    0.025
 0.031    0.0636   0.0375   0.0375   0.08     0.012    0.012    0.02
 0.073    0.037    0.04     0.0429   0.0153   0.0153   0.0549   0.026762
 0.05     0.0544   0.018    0.006    0.0343   0.03     0.03     0.03
 0.028    0.1      0.068    0.068    0.068    0.068   ]","[0 0 0 0 0 1 0 0 0 0 0 0 0 1 0 0 0 0 1 1 1 1 1 1 1 0 0 1 1 0 0 0 0 1 1 1 1
 1 1 1 1 1 0 1 0 0 0 1 0 0 0 0 0 0 0 0 0 1 0 1 0 0 0 0 1 0 0 0 0 0 0 0 0 0
 0 1 0 1 0 0 1 1 1 1 1 1 1 1 1 1 0 0 0 0 0 0 0 0 0 0 0 0 0 0 1 1 0 0 1 1 1
 1 1 1 1 1 1 1 1 1 1 0 0 0 0 0 0 0 0 0 0 0 0 0 0 1 1 0 0 0 0 1 1 1 1 0 1 1
 1 1]","{'x_lc': array([[22.719799, 22.272388, 20.00398 , ...,  0.      ,  0.      ,
         0.      ],
       [21.907032, 20.949871, 20.896624, ...,  0.      ,  0.      ,
         0.      ],
       [19.642273, 19.131163, 18.782274, ...,  0.      ,  0.      ,
         0.      ],
       ...,
       [19.639843, 19.447065, 19.523258, ..., 21.449186, 19.054665,
        22.10392 ],
       [23.123287, 19.80615 , 20.214188, ..., 19.247465, 19.978722,
        21.598541],
       [20.68967 , 19.365538, 19.447065, ..., 19.75707 , 19.268002,
        19.37568 ]], shape=(150, 200), dtype=float32), 't_lc': array([[5.8851477e+04, 0.0000000e+00, 5.8911234e+04, ..., 0.0000000e+00,
        0.0000000e+00, 0.0000000e+00],
       [0.0000000e+00, 9.6064005e-03, 5.8827570e+04, ..., 0.0000000e+00,
        0.0000000e+00, 0.0000000e+00],
       [0.0000000e+00, 3.0404167e+00, 5.8883543e+04, ..., 0.0000000e+00,
        0.0000000e+00, 0.0000000e+00],
       ...,
       [5.8970395e+04, 0.0000000e+00, 5.8968410e+04, ..., 5.9017387e+04,
        5.8963426e+04, 5.9016223e+04],
       [5.9022234e+04, 0.0000000e+00, 5.8976332e+04, ..., 5.8968441e+04,
        5.8983445e+04, 5.9015199e+04],
       [5.8994309e+04, 0.0000000e+00, 5.8967363e+04, ..., 5.8980406e+04,
        5.8973234e+04, 5.8975312e+04]], shape=(150, 200), dtype=float32), 'mask_lc': array([[ True,  True,  True, ..., False, False, False],
       [ True,  True,  True, ..., False, False, False],
       [ True,  True,  True, ..., False, False, False],
       ...,
       [ True,  True,  True, ...,  True,  True,  True],
       [ True,  True,  True, ...,  True,  True,  True],
       [ True,  True,  True, ...,  True,  True,  True]], shape=(150, 200))}"
12,multipeak-finetune-noweights-cFrF+KNN9+two,lightcurve,0,"[0 0 0 0 1 1 0 0 0 0 0 0 0 0 0 0 0 0 1 1 1 1 1 1 1 0 0 0 1 1 0 0 0 1 1 1 1
 1 1 1 1 1 0 0 0 0 0 0 0 0 0 0 0 0 0 0 0 0 0 0 1 1 0 0 0 0 0 0 0 1 0 1 0 0
 0 1 0 1 0 0 0 0 0 1 1 1 1 1 1 1 0 0 0 0 0 0 0 0 0 0 0 0 0 0 1 1 0 0 1 1 1
 1 1 1 1 1 1 1 1 1 0 0 0 0 0 0 0 0 0 0 0 0 0 0 0 0 0 0 0 0 0 0 0 0 0 0 0 0
 0 0]","[0.032779 0.033    0.1      0.04787  0.02723  0.068    0.012    0.0336
 0.005247 0.015    0.046    0.02354  0.017445 0.02208  0.016111 0.031517
 0.031517 0.022    0.0113   0.0113   0.0113   0.0113   0.0113   0.0113
 0.0113   0.04     0.012    0.025    0.025    0.026452 0.02355  0.016
 0.021171 0.025    0.025    0.025    0.025    0.025    0.025    0.025
 0.025    0.025    0.04     0.0346   0.0328   0.0356   0.03     0.035
 0.03392  0.017646 0.012    0.025174 0.04095  0.017682 0.05     0.03
 0.016    0.032286 0.030487 0.02183  0.09     0.04     0.018    0.0359
 0.02283  0.034    0.04     0.0888   0.03561  0.03683  0.0155   0.031
 0.016198 0.026612 0.01042       nan 0.1      0.068    0.027189 0.02
 0.026728 0.0347   0.022    0.0113   0.0113   0.0113   0.0113   0.0113
 0.0113   0.0113   0.053    0.023    0.052068 0.033    0.03     0.089
 0.018446 0.025    0.05     0.017166 0.015    0.0242   0.027    0.018086
 0.0113   0.0113   0.012    0.018853 0.025    0.025    0.025    0.025
 0.025    0.025    0.025    0.025    0.025    0.025    0.025    0.025
 0.031    0.0636   0.0375   0.0375   0.08     0.012    0.012    0.02
 0.073    0.037    0.04     0.0429   0.0153   0.0153   0.0549   0.026762
 0.05     0.0544   0.018    0.006    0.0343   0.03     0.03     0.03
 0.028    0.1      0.068    0.068    0.068    0.068   ]","[0 0 0 0 0 1 0 0 0 0 0 0 0 1 0 0 0 0 1 1 1 1 1 1 1 0 0 1 1 0 0 0 0 1 1 1 1
 1 1 1 1 1 0 1 0 0 0 1 0 0 0 0 0 0 0 0 0 1 0 1 0 0 0 0 1 0 0 0 0 0 0 0 0 0
 0 1 0 1 0 0 1 1 1 1 1 1 1 1 1 1 0 0 0 0 0 0 0 0 0 0 0 0 0 0 1 1 0 0 1 1 1
 1 1 1 1 1 1 1 1 1 1 0 0 0 0 0 0 0 0 0 0 0 0 0 0 1 1 0 0 0 0 1 1 1 1 0 1 1
 1 1]","{'x_lc': array([[22.719799, 22.272388, 20.00398 , ...,  0.      ,  0.      ,
         0.      ],
       [21.907032, 20.949871, 20.896624, ...,  0.      ,  0.      ,
         0.      ],
       [19.642273, 19.131163, 18.782274, ...,  0.      ,  0.      ,
         0.      ],
       ...,
       [19.639843, 19.447065, 19.523258, ..., 21.449186, 19.054665,
        22.10392 ],
       [23.123287, 19.80615 , 20.214188, ..., 19.247465, 19.978722,
        21.598541],
       [20.68967 , 19.365538, 19.447065, ..., 19.75707 , 19.268002,
        19.37568 ]], shape=(150, 200), dtype=float32), 't_lc': array([[5.8851477e+04, 0.0000000e+00, 5.8911234e+04, ..., 0.0000000e+00,
        0.0000000e+00, 0.0000000e+00],
       [0.0000000e+00, 9.6064005e-03, 5.8827570e+04, ..., 0.0000000e+00,
        0.0000000e+00, 0.0000000e+00],
       [0.0000000e+00, 3.0404167e+00, 5.8883543e+04, ..., 0.0000000e+00,
        0.0000000e+00, 0.0000000e+00],
       ...,
       [5.8970395e+04, 0.0000000e+00, 5.8968410e+04, ..., 5.9017387e+04,
        5.8963426e+04, 5.9016223e+04],
       [5.9022234e+04, 0.0000000e+00, 5.8976332e+04, ..., 5.8968441e+04,
        5.8983445e+04, 5.9015199e+04],
       [5.8994309e+04, 0.0000000e+00, 5.8967363e+04, ..., 5.8980406e+04,
        5.8973234e+04, 5.8975312e+04]], shape=(150, 200), dtype=float32), 'mask_lc': array([[ True,  True,  True, ..., False, False, False],
       [ True,  True,  True, ..., False, False, False],
       [ True,  True,  True, ..., False, False, False],
       ...,
       [ True,  True,  True, ...,  True,  True,  True],
       [ True,  True,  True, ...,  True,  True,  True],
       [ True,  True,  True, ...,  True,  True,  True]], shape=(150, 200))}"
13,multipeak-finetune-noweights-cFrF+KNN9+two,lightcurve and spectral,0,"[0 1 0 1 1 0 0 0 0 0 0 0 0 0 0 0 0 1 1 1 1 1 1 0 1 0 0 0 1 1 0 0 0 1 1 1 1
 1 1 1 1 1 0 0 0 0 0 0 0 0 0 0 0 0 0 0 0 0 0 0 1 0 0 0 0 0 0 0 0 0 1 1 0 0
 0 1 0 0 0 0 0 1 0 1 1 0 1 1 1 1 0 1 0 0 0 0 0 0 0 0 0 0 0 0 1 0 0 0 1 1 1
 1 1 0 1 1 1 1 1 1 0 0 1 0 0 0 0 1 0 1 0 0 0 0 0 0 0 0 0 0 0 1 0 1 0 0 0 0
 1 0]","[0.032779 0.033    0.1      0.04787  0.02723  0.068    0.012    0.0336
 0.005247 0.015    0.046    0.02354  0.017445 0.02208  0.016111 0.031517
 0.031517 0.022    0.0113   0.0113   0.0113   0.0113   0.0113   0.0113
 0.0113   0.04     0.012    0.025    0.025    0.026452 0.02355  0.016
 0.021171 0.025    0.025    0.025    0.025    0.025    0.025    0.025
 0.025    0.025    0.04     0.0346   0.0328   0.0356   0.03     0.035
 0.03392  0.017646 0.012    0.025174 0.04095  0.017682 0.05     0.03
 0.016    0.032286 0.030487 0.02183  0.09     0.04     0.018    0.0359
 0.02283  0.034    0.04     0.0888   0.03561  0.03683  0.0155   0.031
 0.016198 0.026612 0.01042       nan 0.1      0.068    0.027189 0.02
 0.026728 0.0347   0.022    0.0113   0.0113   0.0113   0.0113   0.0113
 0.0113   0.0113   0.053    0.023    0.052068 0.033    0.03     0.089
 0.018446 0.025    0.05     0.017166 0.015    0.0242   0.027    0.018086
 0.0113   0.0113   0.012    0.018853 0.025    0.025    0.025    0.025
 0.025    0.025    0.025    0.025    0.025    0.025    0.025    0.025
 0.031    0.0636   0.0375   0.0375   0.08     0.012    0.012    0.02
 0.073    0.037    0.04     0.0429   0.0153   0.0153   0.0549   0.026762
 0.05     0.0544   0.018    0.006    0.0343   0.03     0.03     0.03
 0.028    0.1      0.068    0.068    0.068    0.068   ]","[0 0 0 0 0 1 0 0 0 0 0 0 0 1 0 0 0 0 1 1 1 1 1 1 1 0 0 1 1 0 0 0 0 1 1 1 1
 1 1 1 1 1 0 1 0 0 0 1 0 0 0 0 0 0 0 0 0 1 0 1 0 0 0 0 1 0 0 0 0 0 0 0 0 0
 0 1 0 1 0 0 1 1 1 1 1 1 1 1 1 1 0 0 0 0 0 0 0 0 0 0 0 0 0 0 1 1 0 0 1 1 1
 1 1 1 1 1 1 1 1 1 1 0 0 0 0 0 0 0 0 0 0 0 0 0 0 1 1 0 0 0 0 1 1 1 1 0 1 1
 1 1]","{'x_lc': array([[22.719799, 22.272388, 20.00398 , ...,  0.      ,  0.      ,
         0.      ],
       [21.907032, 20.949871, 20.896624, ...,  0.      ,  0.      ,
         0.      ],
       [19.642273, 19.131163, 18.782274, ...,  0.      ,  0.      ,
         0.      ],
       ...,
       [19.639843, 19.447065, 19.523258, ..., 21.449186, 19.054665,
        22.10392 ],
       [23.123287, 19.80615 , 20.214188, ..., 19.247465, 19.978722,
        21.598541],
       [20.68967 , 19.365538, 19.447065, ..., 19.75707 , 19.268002,
        19.37568 ]], shape=(150, 200), dtype=float32), 't_lc': array([[5.8851477e+04, 0.0000000e+00, 5.8911234e+04, ..., 0.0000000e+00,
        0.0000000e+00, 0.0000000e+00],
       [0.0000000e+00, 9.6064005e-03, 5.8827570e+04, ..., 0.0000000e+00,
        0.0000000e+00, 0.0000000e+00],
       [0.0000000e+00, 3.0404167e+00, 5.8883543e+04, ..., 0.0000000e+00,
        0.0000000e+00, 0.0000000e+00],
       ...,
       [5.8970395e+04, 0.0000000e+00, 5.8968410e+04, ..., 5.9017387e+04,
        5.8963426e+04, 5.9016223e+04],
       [5.9022234e+04, 0.0000000e+00, 5.8976332e+04, ..., 5.8968441e+04,
        5.8983445e+04, 5.9015199e+04],
       [5.8994309e+04, 0.0000000e+00, 5.8967363e+04, ..., 5.8980406e+04,
        5.8973234e+04, 5.8975312e+04]], shape=(150, 200), dtype=float32), 'mask_lc': array([[ True,  True,  True, ..., False, False, False],
       [ True,  True,  True, ..., False, False, False],
       [ True,  True,  True, ..., False, False, False],
       ...,
       [ True,  True,  True, ...,  True,  True,  True],
       [ True,  True,  True, ...,  True,  True,  True],
       [ True,  True,  True, ...,  True,  True,  True]], shape=(150, 200))}"
14,multipeak-finetune-noweights-cFrF+KNN9+two,spectral,0,"[0 1 1 0 1 1 0 0 0 1 0 0 0 1 1 0 0 1 1 0 1 1 1 1 1 0 0 0 0 0 0 0 0 1 1 1 1
 0 1 1 1 1 0 0 0 0 1 1 1 0 1 0 0 0 1 0 0 0 0 0 1 0 0 0 1 1 0 0 0 0 1 1 1 0
 0 0 0 0 0 0 0 1 1 1 0 1 1 0 0 1 1 0 1 1 0 1 1 1 0 0 0 0 1 0 0 0 0 1 0 1 1
 0 0 1 0 0 1 1 1 0 1 0 1 1 0 0 0 0 0 1 0 0 0 0 0 0 0 0 1 1 0 1 1 0 1 0 1 1
 1 0]","[0.032779 0.033    0.1      0.04787  0.02723  0.068    0.012    0.0336
 0.005247 0.015    0.046    0.02354  0.017445 0.02208  0.016111 0.031517
 0.031517 0.022    0.0113   0.0113   0.0113   0.0113   0.0113   0.0113
 0.0113   0.04     0.012    0.025    0.025    0.026452 0.02355  0.016
 0.021171 0.025    0.025    0.025    0.025    0.025    0.025    0.025
 0.025    0.025    0.04     0.0346   0.0328   0.0356   0.03     0.035
 0.03392  0.017646 0.012    0.025174 0.04095  0.017682 0.05     0.03
 0.016    0.032286 0.030487 0.02183  0.09     0.04     0.018    0.0359
 0.02283  0.034    0.04     0.0888   0.03561  0.03683  0.0155   0.031
 0.016198 0.026612 0.01042       nan 0.1      0.068    0.027189 0.02
 0.026728 0.0347   0.022    0.0113   0.0113   0.0113   0.0113   0.0113
 0.0113   0.0113   0.053    0.023    0.052068 0.033    0.03     0.089
 0.018446 0.025    0.05     0.017166 0.015    0.0242   0.027    0.018086
 0.0113   0.0113   0.012    0.018853 0.025    0.025    0.025    0.025
 0.025    0.025    0.025    0.025    0.025    0.025    0.025    0.025
 0.031    0.0636   0.0375   0.0375   0.08     0.012    0.012    0.02
 0.073    0.037    0.04     0.0429   0.0153   0.0153   0.0549   0.026762
 0.05     0.0544   0.018    0.006    0.0343   0.03     0.03     0.03
 0.028    0.1      0.068    0.068    0.068    0.068   ]","[0 0 0 0 0 1 0 0 0 0 0 0 0 1 0 0 0 0 1 1 1 1 1 1 1 0 0 1 1 0 0 0 0 1 1 1 1
 1 1 1 1 1 0 1 0 0 0 1 0 0 0 0 0 0 0 0 0 1 0 1 0 0 0 0 1 0 0 0 0 0 0 0 0 0
 0 1 0 1 0 0 1 1 1 1 1 1 1 1 1 1 0 0 0 0 0 0 0 0 0 0 0 0 0 0 1 1 0 0 1 1 1
 1 1 1 1 1 1 1 1 1 1 0 0 0 0 0 0 0 0 0 0 0 0 0 0 1 1 0 0 0 0 1 1 1 1 0 1 1
 1 1]","{'x_lc': array([[22.719799, 22.272388, 20.00398 , ...,  0.      ,  0.      ,
         0.      ],
       [21.907032, 20.949871, 20.896624, ...,  0.      ,  0.      ,
         0.      ],
       [19.642273, 19.131163, 18.782274, ...,  0.      ,  0.      ,
         0.      ],
       ...,
       [19.639843, 19.447065, 19.523258, ..., 21.449186, 19.054665,
        22.10392 ],
       [23.123287, 19.80615 , 20.214188, ..., 19.247465, 19.978722,
        21.598541],
       [20.68967 , 19.365538, 19.447065, ..., 19.75707 , 19.268002,
        19.37568 ]], shape=(150, 200), dtype=float32), 't_lc': array([[5.8851477e+04, 0.0000000e+00, 5.8911234e+04, ..., 0.0000000e+00,
        0.0000000e+00, 0.0000000e+00],
       [0.0000000e+00, 9.6064005e-03, 5.8827570e+04, ..., 0.0000000e+00,
        0.0000000e+00, 0.0000000e+00],
       [0.0000000e+00, 3.0404167e+00, 5.8883543e+04, ..., 0.0000000e+00,
        0.0000000e+00, 0.0000000e+00],
       ...,
       [5.8970395e+04, 0.0000000e+00, 5.8968410e+04, ..., 5.9017387e+04,
        5.8963426e+04, 5.9016223e+04],
       [5.9022234e+04, 0.0000000e+00, 5.8976332e+04, ..., 5.8968441e+04,
        5.8983445e+04, 5.9015199e+04],
       [5.8994309e+04, 0.0000000e+00, 5.8967363e+04, ..., 5.8980406e+04,
        5.8973234e+04, 5.8975312e+04]], shape=(150, 200), dtype=float32), 'mask_lc': array([[ True,  True,  True, ..., False, False, False],
       [ True,  True,  True, ..., False, False, False],
       [ True,  True,  True, ..., False, False, False],
       ...,
       [ True,  True,  True, ...,  True,  True,  True],
       [ True,  True,  True, ...,  True,  True,  True],
       [ True,  True,  True, ...,  True,  True,  True]], shape=(150, 200))}"
15,multipeak-finetune-noweights-cFrF+Linear+two,lightcurve,0,"[0 0 0 0 0 0 0 1 0 0 0 0 0 0 0 0 0 0 0 0 0 0 0 0 0 0 0 0 1 1 0 0 1 1 1 1 1
 1 1 1 1 1 0 0 0 0 0 0 0 0 0 0 0 0 0 0 0 0 0 1 0 0 0 0 0 0 1 0 0 0 0 0 0 0
 0 1 0 1 0 0 0 0 0 1 1 1 1 1 1 1 0 0 0 0 0 0 0 0 0 0 0 0 0 0 1 1 0 0 1 1 1
 1 1 1 1 1 1 1 1 1 0 0 0 0 0 0 0 0 0 0 0 0 0 0 0 0 0 0 0 0 0 1 1 1 1 0 0 0
 0 0]","[0.032779 0.033    0.1      0.04787  0.02723  0.068    0.012    0.0336
 0.005247 0.015    0.046    0.02354  0.017445 0.02208  0.016111 0.031517
 0.031517 0.022    0.0113   0.0113   0.0113   0.0113   0.0113   0.0113
 0.0113   0.04     0.012    0.025    0.025    0.026452 0.02355  0.016
 0.021171 0.025    0.025    0.025    0.025    0.025    0.025    0.025
 0.025    0.025    0.04     0.0346   0.0328   0.0356   0.03     0.035
 0.03392  0.017646 0.012    0.025174 0.04095  0.017682 0.05     0.03
 0.016    0.032286 0.030487 0.02183  0.09     0.04     0.018    0.0359
 0.02283  0.034    0.04     0.0888   0.03561  0.03683  0.0155   0.031
 0.016198 0.026612 0.01042       nan 0.1      0.068    0.027189 0.02
 0.026728 0.0347   0.022    0.0113   0.0113   0.0113   0.0113   0.0113
 0.0113   0.0113   0.053    0.023    0.052068 0.033    0.03     0.089
 0.018446 0.025    0.05     0.017166 0.015    0.0242   0.027    0.018086
 0.0113   0.0113   0.012    0.018853 0.025    0.025    0.025    0.025
 0.025    0.025    0.025    0.025    0.025    0.025    0.025    0.025
 0.031    0.0636   0.0375   0.0375   0.08     0.012    0.012    0.02
 0.073    0.037    0.04     0.0429   0.0153   0.0153   0.0549   0.026762
 0.05     0.0544   0.018    0.006    0.0343   0.03     0.03     0.03
 0.028    0.1      0.068    0.068    0.068    0.068   ]","[0 0 0 0 0 1 0 0 0 0 0 0 0 1 0 0 0 0 1 1 1 1 1 1 1 0 0 1 1 0 0 0 0 1 1 1 1
 1 1 1 1 1 0 1 0 0 0 1 0 0 0 0 0 0 0 0 0 1 0 1 0 0 0 0 1 0 0 0 0 0 0 0 0 0
 0 1 0 1 0 0 1 1 1 1 1 1 1 1 1 1 0 0 0 0 0 0 0 0 0 0 0 0 0 0 1 1 0 0 1 1 1
 1 1 1 1 1 1 1 1 1 1 0 0 0 0 0 0 0 0 0 0 0 0 0 0 1 1 0 0 0 0 1 1 1 1 0 1 1
 1 1]","{'x_lc': array([[22.719799, 22.272388, 20.00398 , ...,  0.      ,  0.      ,
         0.      ],
       [21.907032, 20.949871, 20.896624, ...,  0.      ,  0.      ,
         0.      ],
       [19.642273, 19.131163, 18.782274, ...,  0.      ,  0.      ,
         0.      ],
       ...,
       [19.639843, 19.447065, 19.523258, ..., 21.449186, 19.054665,
        22.10392 ],
       [23.123287, 19.80615 , 20.214188, ..., 19.247465, 19.978722,
        21.598541],
       [20.68967 , 19.365538, 19.447065, ..., 19.75707 , 19.268002,
        19.37568 ]], shape=(150, 200), dtype=float32), 't_lc': array([[5.8851477e+04, 0.0000000e+00, 5.8911234e+04, ..., 0.0000000e+00,
        0.0000000e+00, 0.0000000e+00],
       [0.0000000e+00, 9.6064005e-03, 5.8827570e+04, ..., 0.0000000e+00,
        0.0000000e+00, 0.0000000e+00],
       [0.0000000e+00, 3.0404167e+00, 5.8883543e+04, ..., 0.0000000e+00,
        0.0000000e+00, 0.0000000e+00],
       ...,
       [5.8970395e+04, 0.0000000e+00, 5.8968410e+04, ..., 5.9017387e+04,
        5.8963426e+04, 5.9016223e+04],
       [5.9022234e+04, 0.0000000e+00, 5.8976332e+04, ..., 5.8968441e+04,
        5.8983445e+04, 5.9015199e+04],
       [5.8994309e+04, 0.0000000e+00, 5.8967363e+04, ..., 5.8980406e+04,
        5.8973234e+04, 5.8975312e+04]], shape=(150, 200), dtype=float32), 'mask_lc': array([[ True,  True,  True, ..., False, False, False],
       [ True,  True,  True, ..., False, False, False],
       [ True,  True,  True, ..., False, False, False],
       ...,
       [ True,  True,  True, ...,  True,  True,  True],
       [ True,  True,  True, ...,  True,  True,  True],
       [ True,  True,  True, ...,  True,  True,  True]], shape=(150, 200))}"
16,multipeak-finetune-noweights-cFrF+Linear+two,lightcurve and spectral,0,"[0 1 0 1 0 0 0 1 0 0 0 0 0 0 0 0 0 1 1 1 1 1 1 0 1 0 0 0 1 1 0 0 1 1 1 1 1
 1 1 1 1 1 0 0 0 0 0 0 0 0 0 0 0 0 0 0 0 0 0 0 0 0 0 0 1 0 0 0 0 0 0 0 0 0
 0 1 0 1 0 0 0 0 1 1 1 0 1 1 0 1 0 0 0 0 0 0 0 0 0 0 0 0 0 0 1 1 0 0 1 1 1
 1 1 1 1 1 1 1 1 1 0 1 1 0 0 0 0 0 0 0 0 0 0 0 0 0 0 0 0 1 0 1 1 1 0 0 0 0
 0 0]","[0.032779 0.033    0.1      0.04787  0.02723  0.068    0.012    0.0336
 0.005247 0.015    0.046    0.02354  0.017445 0.02208  0.016111 0.031517
 0.031517 0.022    0.0113   0.0113   0.0113   0.0113   0.0113   0.0113
 0.0113   0.04     0.012    0.025    0.025    0.026452 0.02355  0.016
 0.021171 0.025    0.025    0.025    0.025    0.025    0.025    0.025
 0.025    0.025    0.04     0.0346   0.0328   0.0356   0.03     0.035
 0.03392  0.017646 0.012    0.025174 0.04095  0.017682 0.05     0.03
 0.016    0.032286 0.030487 0.02183  0.09     0.04     0.018    0.0359
 0.02283  0.034    0.04     0.0888   0.03561  0.03683  0.0155   0.031
 0.016198 0.026612 0.01042       nan 0.1      0.068    0.027189 0.02
 0.026728 0.0347   0.022    0.0113   0.0113   0.0113   0.0113   0.0113
 0.0113   0.0113   0.053    0.023    0.052068 0.033    0.03     0.089
 0.018446 0.025    0.05     0.017166 0.015    0.0242   0.027    0.018086
 0.0113   0.0113   0.012    0.018853 0.025    0.025    0.025    0.025
 0.025    0.025    0.025    0.025    0.025    0.025    0.025    0.025
 0.031    0.0636   0.0375   0.0375   0.08     0.012    0.012    0.02
 0.073    0.037    0.04     0.0429   0.0153   0.0153   0.0549   0.026762
 0.05     0.0544   0.018    0.006    0.0343   0.03     0.03     0.03
 0.028    0.1      0.068    0.068    0.068    0.068   ]","[0 0 0 0 0 1 0 0 0 0 0 0 0 1 0 0 0 0 1 1 1 1 1 1 1 0 0 1 1 0 0 0 0 1 1 1 1
 1 1 1 1 1 0 1 0 0 0 1 0 0 0 0 0 0 0 0 0 1 0 1 0 0 0 0 1 0 0 0 0 0 0 0 0 0
 0 1 0 1 0 0 1 1 1 1 1 1 1 1 1 1 0 0 0 0 0 0 0 0 0 0 0 0 0 0 1 1 0 0 1 1 1
 1 1 1 1 1 1 1 1 1 1 0 0 0 0 0 0 0 0 0 0 0 0 0 0 1 1 0 0 0 0 1 1 1 1 0 1 1
 1 1]","{'x_lc': array([[22.719799, 22.272388, 20.00398 , ...,  0.      ,  0.      ,
         0.      ],
       [21.907032, 20.949871, 20.896624, ...,  0.      ,  0.      ,
         0.      ],
       [19.642273, 19.131163, 18.782274, ...,  0.      ,  0.      ,
         0.      ],
       ...,
       [19.639843, 19.447065, 19.523258, ..., 21.449186, 19.054665,
        22.10392 ],
       [23.123287, 19.80615 , 20.214188, ..., 19.247465, 19.978722,
        21.598541],
       [20.68967 , 19.365538, 19.447065, ..., 19.75707 , 19.268002,
        19.37568 ]], shape=(150, 200), dtype=float32), 't_lc': array([[5.8851477e+04, 0.0000000e+00, 5.8911234e+04, ..., 0.0000000e+00,
        0.0000000e+00, 0.0000000e+00],
       [0.0000000e+00, 9.6064005e-03, 5.8827570e+04, ..., 0.0000000e+00,
        0.0000000e+00, 0.0000000e+00],
       [0.0000000e+00, 3.0404167e+00, 5.8883543e+04, ..., 0.0000000e+00,
        0.0000000e+00, 0.0000000e+00],
       ...,
       [5.8970395e+04, 0.0000000e+00, 5.8968410e+04, ..., 5.9017387e+04,
        5.8963426e+04, 5.9016223e+04],
       [5.9022234e+04, 0.0000000e+00, 5.8976332e+04, ..., 5.8968441e+04,
        5.8983445e+04, 5.9015199e+04],
       [5.8994309e+04, 0.0000000e+00, 5.8967363e+04, ..., 5.8980406e+04,
        5.8973234e+04, 5.8975312e+04]], shape=(150, 200), dtype=float32), 'mask_lc': array([[ True,  True,  True, ..., False, False, False],
       [ True,  True,  True, ..., False, False, False],
       [ True,  True,  True, ..., False, False, False],
       ...,
       [ True,  True,  True, ...,  True,  True,  True],
       [ True,  True,  True, ...,  True,  True,  True],
       [ True,  True,  True, ...,  True,  True,  True]], shape=(150, 200))}"
17,multipeak-finetune-noweights-cFrF+Linear+two,spectral,0,"[0 0 0 0 1 1 0 1 0 1 0 1 0 1 1 0 0 0 1 0 1 1 1 0 1 0 0 0 0 0 0 0 0 0 1 1 1
 0 1 1 1 1 0 0 0 0 0 0 0 0 0 0 0 0 0 0 0 0 0 0 1 0 0 0 1 1 0 0 1 0 1 1 0 0
 0 1 0 1 0 0 0 1 1 1 1 0 0 0 0 1 0 0 1 0 0 0 0 1 0 0 0 0 0 0 0 0 0 0 0 0 1
 0 0 0 0 0 1 0 0 1 0 1 1 1 0 1 0 0 0 0 0 0 0 0 0 0 0 0 1 1 0 1 1 1 0 0 1 0
 0 0]","[0.032779 0.033    0.1      0.04787  0.02723  0.068    0.012    0.0336
 0.005247 0.015    0.046    0.02354  0.017445 0.02208  0.016111 0.031517
 0.031517 0.022    0.0113   0.0113   0.0113   0.0113   0.0113   0.0113
 0.0113   0.04     0.012    0.025    0.025    0.026452 0.02355  0.016
 0.021171 0.025    0.025    0.025    0.025    0.025    0.025    0.025
 0.025    0.025    0.04     0.0346   0.0328   0.0356   0.03     0.035
 0.03392  0.017646 0.012    0.025174 0.04095  0.017682 0.05     0.03
 0.016    0.032286 0.030487 0.02183  0.09     0.04     0.018    0.0359
 0.02283  0.034    0.04     0.0888   0.03561  0.03683  0.0155   0.031
 0.016198 0.026612 0.01042       nan 0.1      0.068    0.027189 0.02
 0.026728 0.0347   0.022    0.0113   0.0113   0.0113   0.0113   0.0113
 0.0113   0.0113   0.053    0.023    0.052068 0.033    0.03     0.089
 0.018446 0.025    0.05     0.017166 0.015    0.0242   0.027    0.018086
 0.0113   0.0113   0.012    0.018853 0.025    0.025    0.025    0.025
 0.025    0.025    0.025    0.025    0.025    0.025    0.025    0.025
 0.031    0.0636   0.0375   0.0375   0.08     0.012    0.012    0.02
 0.073    0.037    0.04     0.0429   0.0153   0.0153   0.0549   0.026762
 0.05     0.0544   0.018    0.006    0.0343   0.03     0.03     0.03
 0.028    0.1      0.068    0.068    0.068    0.068   ]","[0 0 0 0 0 1 0 0 0 0 0 0 0 1 0 0 0 0 1 1 1 1 1 1 1 0 0 1 1 0 0 0 0 1 1 1 1
 1 1 1 1 1 0 1 0 0 0 1 0 0 0 0 0 0 0 0 0 1 0 1 0 0 0 0 1 0 0 0 0 0 0 0 0 0
 0 1 0 1 0 0 1 1 1 1 1 1 1 1 1 1 0 0 0 0 0 0 0 0 0 0 0 0 0 0 1 1 0 0 1 1 1
 1 1 1 1 1 1 1 1 1 1 0 0 0 0 0 0 0 0 0 0 0 0 0 0 1 1 0 0 0 0 1 1 1 1 0 1 1
 1 1]","{'x_lc': array([[22.719799, 22.272388, 20.00398 , ...,  0.      ,  0.      ,
         0.      ],
       [21.907032, 20.949871, 20.896624, ...,  0.      ,  0.      ,
         0.      ],
       [19.642273, 19.131163, 18.782274, ...,  0.      ,  0.      ,
         0.      ],
       ...,
       [19.639843, 19.447065, 19.523258, ..., 21.449186, 19.054665,
        22.10392 ],
       [23.123287, 19.80615 , 20.214188, ..., 19.247465, 19.978722,
        21.598541],
       [20.68967 , 19.365538, 19.447065, ..., 19.75707 , 19.268002,
        19.37568 ]], shape=(150, 200), dtype=float32), 't_lc': array([[5.8851477e+04, 0.0000000e+00, 5.8911234e+04, ..., 0.0000000e+00,
        0.0000000e+00, 0.0000000e+00],
       [0.0000000e+00, 9.6064005e-03, 5.8827570e+04, ..., 0.0000000e+00,
        0.0000000e+00, 0.0000000e+00],
       [0.0000000e+00, 3.0404167e+00, 5.8883543e+04, ..., 0.0000000e+00,
        0.0000000e+00, 0.0000000e+00],
       ...,
       [5.8970395e+04, 0.0000000e+00, 5.8968410e+04, ..., 5.9017387e+04,
        5.8963426e+04, 5.9016223e+04],
       [5.9022234e+04, 0.0000000e+00, 5.8976332e+04, ..., 5.8968441e+04,
        5.8983445e+04, 5.9015199e+04],
       [5.8994309e+04, 0.0000000e+00, 5.8967363e+04, ..., 5.8980406e+04,
        5.8973234e+04, 5.8975312e+04]], shape=(150, 200), dtype=float32), 'mask_lc': array([[ True,  True,  True, ..., False, False, False],
       [ True,  True,  True, ..., False, False, False],
       [ True,  True,  True, ..., False, False, False],
       ...,
       [ True,  True,  True, ...,  True,  True,  True],
       [ True,  True,  True, ...,  True,  True,  True],
       [ True,  True,  True, ...,  True,  True,  True]], shape=(150, 200))}"
18,multipeak-finetune-noweights-cFrF+MLP+two,lightcurve,0,"[0 0 0 0 0 0 0 1 1 0 0 0 0 0 0 0 0 1 1 1 1 1 1 1 1 0 1 1 1 1 0 0 0 1 1 1 1
 1 1 1 1 1 1 0 0 0 0 0 0 0 0 0 0 0 0 0 0 0 0 0 0 0 0 0 0 0 1 0 0 0 0 0 0 0
 0 1 0 1 0 0 0 1 1 1 1 1 1 1 1 1 0 0 0 1 0 0 0 0 0 0 0 1 1 0 1 1 1 0 1 1 1
 1 1 1 1 1 1 1 1 1 0 0 1 0 0 0 0 0 0 1 0 0 0 0 0 0 0 0 1 0 0 1 1 1 1 0 0 0
 0 0]","[0.032779 0.033    0.1      0.04787  0.02723  0.068    0.012    0.0336
 0.005247 0.015    0.046    0.02354  0.017445 0.02208  0.016111 0.031517
 0.031517 0.022    0.0113   0.0113   0.0113   0.0113   0.0113   0.0113
 0.0113   0.04     0.012    0.025    0.025    0.026452 0.02355  0.016
 0.021171 0.025    0.025    0.025    0.025    0.025    0.025    0.025
 0.025    0.025    0.04     0.0346   0.0328   0.0356   0.03     0.035
 0.03392  0.017646 0.012    0.025174 0.04095  0.017682 0.05     0.03
 0.016    0.032286 0.030487 0.02183  0.09     0.04     0.018    0.0359
 0.02283  0.034    0.04     0.0888   0.03561  0.03683  0.0155   0.031
 0.016198 0.026612 0.01042       nan 0.1      0.068    0.027189 0.02
 0.026728 0.0347   0.022    0.0113   0.0113   0.0113   0.0113   0.0113
 0.0113   0.0113   0.053    0.023    0.052068 0.033    0.03     0.089
 0.018446 0.025    0.05     0.017166 0.015    0.0242   0.027    0.018086
 0.0113   0.0113   0.012    0.018853 0.025    0.025    0.025    0.025
 0.025    0.025    0.025    0.025    0.025    0.025    0.025    0.025
 0.031    0.0636   0.0375   0.0375   0.08     0.012    0.012    0.02
 0.073    0.037    0.04     0.0429   0.0153   0.0153   0.0549   0.026762
 0.05     0.0544   0.018    0.006    0.0343   0.03     0.03     0.03
 0.028    0.1      0.068    0.068    0.068    0.068   ]","[0 0 0 0 0 1 0 0 0 0 0 0 0 1 0 0 0 0 1 1 1 1 1 1 1 0 0 1 1 0 0 0 0 1 1 1 1
 1 1 1 1 1 0 1 0 0 0 1 0 0 0 0 0 0 0 0 0 1 0 1 0 0 0 0 1 0 0 0 0 0 0 0 0 0
 0 1 0 1 0 0 1 1 1 1 1 1 1 1 1 1 0 0 0 0 0 0 0 0 0 0 0 0 0 0 1 1 0 0 1 1 1
 1 1 1 1 1 1 1 1 1 1 0 0 0 0 0 0 0 0 0 0 0 0 0 0 1 1 0 0 0 0 1 1 1 1 0 1 1
 1 1]","{'x_lc': array([[22.719799, 22.272388, 20.00398 , ...,  0.      ,  0.      ,
         0.      ],
       [21.907032, 20.949871, 20.896624, ...,  0.      ,  0.      ,
         0.      ],
       [19.642273, 19.131163, 18.782274, ...,  0.      ,  0.      ,
         0.      ],
       ...,
       [19.639843, 19.447065, 19.523258, ..., 21.449186, 19.054665,
        22.10392 ],
       [23.123287, 19.80615 , 20.214188, ..., 19.247465, 19.978722,
        21.598541],
       [20.68967 , 19.365538, 19.447065, ..., 19.75707 , 19.268002,
        19.37568 ]], shape=(150, 200), dtype=float32), 't_lc': array([[5.8851477e+04, 0.0000000e+00, 5.8911234e+04, ..., 0.0000000e+00,
        0.0000000e+00, 0.0000000e+00],
       [0.0000000e+00, 9.6064005e-03, 5.8827570e+04, ..., 0.0000000e+00,
        0.0000000e+00, 0.0000000e+00],
       [0.0000000e+00, 3.0404167e+00, 5.8883543e+04, ..., 0.0000000e+00,
        0.0000000e+00, 0.0000000e+00],
       ...,
       [5.8970395e+04, 0.0000000e+00, 5.8968410e+04, ..., 5.9017387e+04,
        5.8963426e+04, 5.9016223e+04],
       [5.9022234e+04, 0.0000000e+00, 5.8976332e+04, ..., 5.8968441e+04,
        5.8983445e+04, 5.9015199e+04],
       [5.8994309e+04, 0.0000000e+00, 5.8967363e+04, ..., 5.8980406e+04,
        5.8973234e+04, 5.8975312e+04]], shape=(150, 200), dtype=float32), 'mask_lc': array([[ True,  True,  True, ..., False, False, False],
       [ True,  True,  True, ..., False, False, False],
       [ True,  True,  True, ..., False, False, False],
       ...,
       [ True,  True,  True, ...,  True,  True,  True],
       [ True,  True,  True, ...,  True,  True,  True],
       [ True,  True,  True, ...,  True,  True,  True]], shape=(150, 200))}"
19,multipeak-finetune-noweights-cFrF+MLP+two,lightcurve and spectral,0,"[0 1 0 1 1 1 1 1 0 0 0 0 0 0 0 0 0 1 1 1 1 1 1 1 1 0 1 0 1 1 0 0 1 1 1 1 1
 1 1 1 1 1 1 1 0 0 0 1 0 0 0 0 0 0 0 0 0 0 0 1 1 0 0 0 1 1 1 0 0 0 1 0 0 0
 0 1 0 0 0 0 0 0 1 1 1 1 1 1 1 1 1 0 0 0 0 1 0 1 0 0 0 1 0 0 1 1 1 0 1 1 1
 1 1 1 1 1 1 1 1 1 0 1 1 1 0 0 0 0 0 1 0 0 0 0 0 1 0 0 0 1 0 1 1 1 0 0 0 0
 1 0]","[0.032779 0.033    0.1      0.04787  0.02723  0.068    0.012    0.0336
 0.005247 0.015    0.046    0.02354  0.017445 0.02208  0.016111 0.031517
 0.031517 0.022    0.0113   0.0113   0.0113   0.0113   0.0113   0.0113
 0.0113   0.04     0.012    0.025    0.025    0.026452 0.02355  0.016
 0.021171 0.025    0.025    0.025    0.025    0.025    0.025    0.025
 0.025    0.025    0.04     0.0346   0.0328   0.0356   0.03     0.035
 0.03392  0.017646 0.012    0.025174 0.04095  0.017682 0.05     0.03
 0.016    0.032286 0.030487 0.02183  0.09     0.04     0.018    0.0359
 0.02283  0.034    0.04     0.0888   0.03561  0.03683  0.0155   0.031
 0.016198 0.026612 0.01042       nan 0.1      0.068    0.027189 0.02
 0.026728 0.0347   0.022    0.0113   0.0113   0.0113   0.0113   0.0113
 0.0113   0.0113   0.053    0.023    0.052068 0.033    0.03     0.089
 0.018446 0.025    0.05     0.017166 0.015    0.0242   0.027    0.018086
 0.0113   0.0113   0.012    0.018853 0.025    0.025    0.025    0.025
 0.025    0.025    0.025    0.025    0.025    0.025    0.025    0.025
 0.031    0.0636   0.0375   0.0375   0.08     0.012    0.012    0.02
 0.073    0.037    0.04     0.0429   0.0153   0.0153   0.0549   0.026762
 0.05     0.0544   0.018    0.006    0.0343   0.03     0.03     0.03
 0.028    0.1      0.068    0.068    0.068    0.068   ]","[0 0 0 0 0 1 0 0 0 0 0 0 0 1 0 0 0 0 1 1 1 1 1 1 1 0 0 1 1 0 0 0 0 1 1 1 1
 1 1 1 1 1 0 1 0 0 0 1 0 0 0 0 0 0 0 0 0 1 0 1 0 0 0 0 1 0 0 0 0 0 0 0 0 0
 0 1 0 1 0 0 1 1 1 1 1 1 1 1 1 1 0 0 0 0 0 0 0 0 0 0 0 0 0 0 1 1 0 0 1 1 1
 1 1 1 1 1 1 1 1 1 1 0 0 0 0 0 0 0 0 0 0 0 0 0 0 1 1 0 0 0 0 1 1 1 1 0 1 1
 1 1]","{'x_lc': array([[22.719799, 22.272388, 20.00398 , ...,  0.      ,  0.      ,
         0.      ],
       [21.907032, 20.949871, 20.896624, ...,  0.      ,  0.      ,
         0.      ],
       [19.642273, 19.131163, 18.782274, ...,  0.      ,  0.      ,
         0.      ],
       ...,
       [19.639843, 19.447065, 19.523258, ..., 21.449186, 19.054665,
        22.10392 ],
       [23.123287, 19.80615 , 20.214188, ..., 19.247465, 19.978722,
        21.598541],
       [20.68967 , 19.365538, 19.447065, ..., 19.75707 , 19.268002,
        19.37568 ]], shape=(150, 200), dtype=float32), 't_lc': array([[5.8851477e+04, 0.0000000e+00, 5.8911234e+04, ..., 0.0000000e+00,
        0.0000000e+00, 0.0000000e+00],
       [0.0000000e+00, 9.6064005e-03, 5.8827570e+04, ..., 0.0000000e+00,
        0.0000000e+00, 0.0000000e+00],
       [0.0000000e+00, 3.0404167e+00, 5.8883543e+04, ..., 0.0000000e+00,
        0.0000000e+00, 0.0000000e+00],
       ...,
       [5.8970395e+04, 0.0000000e+00, 5.8968410e+04, ..., 5.9017387e+04,
        5.8963426e+04, 5.9016223e+04],
       [5.9022234e+04, 0.0000000e+00, 5.8976332e+04, ..., 5.8968441e+04,
        5.8983445e+04, 5.9015199e+04],
       [5.8994309e+04, 0.0000000e+00, 5.8967363e+04, ..., 5.8980406e+04,
        5.8973234e+04, 5.8975312e+04]], shape=(150, 200), dtype=float32), 'mask_lc': array([[ True,  True,  True, ..., False, False, False],
       [ True,  True,  True, ..., False, False, False],
       [ True,  True,  True, ..., False, False, False],
       ...,
       [ True,  True,  True, ...,  True,  True,  True],
       [ True,  True,  True, ...,  True,  True,  True],
       [ True,  True,  True, ...,  True,  True,  True]], shape=(150, 200))}"
20,multipeak-finetune-noweights-cFrF+MLP+two,spectral,0,"[0 0 0 1 1 1 0 1 0 0 0 1 0 1 0 0 0 0 1 0 1 1 1 1 1 0 1 0 0 0 0 0 0 1 1 1 1
 1 1 1 1 1 0 1 0 0 1 1 1 0 1 0 0 0 0 0 0 0 0 0 1 0 0 0 1 1 0 0 0 0 1 1 0 0
 0 1 0 0 0 0 0 0 1 1 0 1 1 0 0 1 1 1 1 1 0 0 0 1 0 0 0 0 0 0 0 0 0 1 0 0 1
 1 0 1 1 1 1 1 1 0 1 0 0 0 0 0 0 0 0 1 0 0 1 0 0 1 0 0 1 1 0 1 1 1 0 0 0 1
 1 0]","[0.032779 0.033    0.1      0.04787  0.02723  0.068    0.012    0.0336
 0.005247 0.015    0.046    0.02354  0.017445 0.02208  0.016111 0.031517
 0.031517 0.022    0.0113   0.0113   0.0113   0.0113   0.0113   0.0113
 0.0113   0.04     0.012    0.025    0.025    0.026452 0.02355  0.016
 0.021171 0.025    0.025    0.025    0.025    0.025    0.025    0.025
 0.025    0.025    0.04     0.0346   0.0328   0.0356   0.03     0.035
 0.03392  0.017646 0.012    0.025174 0.04095  0.017682 0.05     0.03
 0.016    0.032286 0.030487 0.02183  0.09     0.04     0.018    0.0359
 0.02283  0.034    0.04     0.0888   0.03561  0.03683  0.0155   0.031
 0.016198 0.026612 0.01042       nan 0.1      0.068    0.027189 0.02
 0.026728 0.0347   0.022    0.0113   0.0113   0.0113   0.0113   0.0113
 0.0113   0.0113   0.053    0.023    0.052068 0.033    0.03     0.089
 0.018446 0.025    0.05     0.017166 0.015    0.0242   0.027    0.018086
 0.0113   0.0113   0.012    0.018853 0.025    0.025    0.025    0.025
 0.025    0.025    0.025    0.025    0.025    0.025    0.025    0.025
 0.031    0.0636   0.0375   0.0375   0.08     0.012    0.012    0.02
 0.073    0.037    0.04     0.0429   0.0153   0.0153   0.0549   0.026762
 0.05     0.0544   0.018    0.006    0.0343   0.03     0.03     0.03
 0.028    0.1      0.068    0.068    0.068    0.068   ]","[0 0 0 0 0 1 0 0 0 0 0 0 0 1 0 0 0 0 1 1 1 1 1 1 1 0 0 1 1 0 0 0 0 1 1 1 1
 1 1 1 1 1 0 1 0 0 0 1 0 0 0 0 0 0 0 0 0 1 0 1 0 0 0 0 1 0 0 0 0 0 0 0 0 0
 0 1 0 1 0 0 1 1 1 1 1 1 1 1 1 1 0 0 0 0 0 0 0 0 0 0 0 0 0 0 1 1 0 0 1 1 1
 1 1 1 1 1 1 1 1 1 1 0 0 0 0 0 0 0 0 0 0 0 0 0 0 1 1 0 0 0 0 1 1 1 1 0 1 1
 1 1]","{'x_lc': array([[22.719799, 22.272388, 20.00398 , ...,  0.      ,  0.      ,
         0.      ],
       [21.907032, 20.949871, 20.896624, ...,  0.      ,  0.      ,
         0.      ],
       [19.642273, 19.131163, 18.782274, ...,  0.      ,  0.      ,
         0.      ],
       ...,
       [19.639843, 19.447065, 19.523258, ..., 21.449186, 19.054665,
        22.10392 ],
       [23.123287, 19.80615 , 20.214188, ..., 19.247465, 19.978722,
        21.598541],
       [20.68967 , 19.365538, 19.447065, ..., 19.75707 , 19.268002,
        19.37568 ]], shape=(150, 200), dtype=float32), 't_lc': array([[5.8851477e+04, 0.0000000e+00, 5.8911234e+04, ..., 0.0000000e+00,
        0.0000000e+00, 0.0000000e+00],
       [0.0000000e+00, 9.6064005e-03, 5.8827570e+04, ..., 0.0000000e+00,
        0.0000000e+00, 0.0000000e+00],
       [0.0000000e+00, 3.0404167e+00, 5.8883543e+04, ..., 0.0000000e+00,
        0.0000000e+00, 0.0000000e+00],
       ...,
       [5.8970395e+04, 0.0000000e+00, 5.8968410e+04, ..., 5.9017387e+04,
        5.8963426e+04, 5.9016223e+04],
       [5.9022234e+04, 0.0000000e+00, 5.8976332e+04, ..., 5.8968441e+04,
        5.8983445e+04, 5.9015199e+04],
       [5.8994309e+04, 0.0000000e+00, 5.8967363e+04, ..., 5.8980406e+04,
        5.8973234e+04, 5.8975312e+04]], shape=(150, 200), dtype=float32), 'mask_lc': array([[ True,  True,  True, ..., False, False, False],
       [ True,  True,  True, ..., False, False, False],
       [ True,  True,  True, ..., False, False, False],
       ...,
       [ True,  True,  True, ...,  True,  True,  True],
       [ True,  True,  True, ...,  True,  True,  True],
       [ True,  True,  True, ...,  True,  True,  True]], shape=(150, 200))}"
